Jacob,Bronze,Amumu,503,Fiddlesticks,260,Varus,326
Michael,Bronze,Maokai,789,Renekton,703,Malzahar,730
Joshua,Bronze,Cho'Gath,517,Graves,731,Katarina,468
Matthew,Bronze,Ziggs,247,Rumble,319,Fizz,177
Andrew,Bronze,Tryndamere,203,Shen,206,Galio,249
Christopher,Bronze,Leona,570,Nocturne,285,Thresh,682
Joseph,Bronze,Zilean,583,Ziggs,347,Twisted Fate,396
Nicholas,Bronze,Kindred,501,Renekton,47,Blitzcrank,678
Daniel,Bronze,Kha'Zix,207,Karma,450,Vi,666
William,Bronze,Lissandra,213,Shyvana,191,Kennen,70
Ethan,Bronze,Maokai,576,Kindred,197,Pantheon,714
Anthony,Bronze,Bard,245,Bard,451,Janna,614
Ryan,Bronze,Yorick,370,Vel'Koz,741,Volibear,279
Tyler,Bronze,Talon,25,Hecarim,728,Rengar,668
David,Bronze,Malzahar,765,Fiora,506,Anivia,221
John,Bronze,Annie,302,Yorick,188,Ziggs,439
Alexander,Bronze,Volibear,361,Bard,433,Fiddlesticks,483
James,Bronze,Skarner,120,Nami,446,Ryze,101
Zachary,Bronze,Twitch,722,Talon,486,Azir,791
Brandon,Bronze,Syndra,91,Ziggs,666,Rek'Sai,496
Jonathan,Bronze,Nidalee,299,Orianna,621,Kog'Maw,310
Dylan,Bronze,Swain,327,Renekton,84,Volibear,286
Justin,Bronze,Irelia,795,Akali,591,Lee Sin,708
Christian,Bronze,Ziggs,310,Annie,414,Lux,531
Samuel,Bronze,Nocturne,452,Vel'Koz,386,Corki,624
Benjamin,Bronze,Ryze,261,Fiddlesticks,191,Annie,507
Austin,Bronze,Ziggs,392,Thresh,508,Ekko,667
Nathan,Bronze,Pantheon,721,Fizz,82,Warwick,92
Noah,Bronze,Urgot,107,Xerath,722,Cho'Gath,517
Jose,Bronze,Varus,193,Miss Fortune,665,Veigar,480
Logan,Bronze,Azir,43,Swain,146,Fiora,743
Robert,Bronze,Azir,268,Blitzcrank,47,Morgana,507
Kevin,Bronze,Katarina,280,Tryndamere,690,Fizz,392
Thomas,Bronze,Riven,258,Vi,250,Nunu,384
Gabriel,Bronze,Nasus,748,Tahm Kench,460,Bard,248
Caleb,Bronze,Alistar,585,Ziggs,653,Kayle,799
Jordan,Bronze,Udyr,520,Annie,324,Evelynn,225
Hunter,Bronze,Katarina,418,Yorick,395,Maokai,600
Cameron,Bronze,Fiora,720,Aatrox,743,Fiora,472
Kyle,Bronze,Vladimir,209,Fiddlesticks,578,Veigar,628
Jason,Bronze,Dr. Mundo,564,Skarner,20,Lissandra,151
Elijah,Bronze,Kog'Maw,744,Riven,246,Yorick,173
Aaron,Bronze,Quinn,507,Vladimir,116,Gnar,494
Jack,Bronze,Azir,617,Jayce,240,Lucian,392
Connor,Bronze,Kennen,201,Zed,118,Ziggs,637
Isaiah,Bronze,LeBlanc,686,Udyr,178,Katarina,474
Luke,Bronze,Nidalee,563,Leona,374,Morgana,385
Isaac,Bronze,Xerath,734,Irelia,291,Diana,508
Evan,Bronze,Braum,601,Renekton,760,Kayle,580
Eric,Bronze,Ziggs,640,LeBlanc,437,Corki,662
Brian,Bronze,Draven,325,Syndra,373,Soraka,211
Angel,Bronze,Blitzcrank,355,Karthus,506,Teemo,280
Juan,Bronze,Garen,698,Kalista,175,Rammus,310
Adam,Bronze,Ashe,716,Diana,266,Xerath,695
Jackson,Bronze,Rumble,463,Shaco,148,Veigar,301
Mason,Bronze,Tryndamere,147,Ziggs,668,Miss Fortune,290
Charles,Bronze,Nautilus,219,Swain,311,Rek'Sai,704
Luis,Bronze,Shaco,133,Veigar,732,Tahm Kench,586
Sean,Bronze,Elise,407,Vayne,315,Kayle,185
Aidan,Bronze,Annie,178,Lux,591,Soraka,544
Gavin,Bronze,Dr. Mundo,180,Lux,289,Cassiopeia,309
Alex,Bronze,Quinn,567,Karthus,736,Twisted Fate,402
Nathaniel,Bronze,Lulu,501,Varus,790,Nasus,501
Carlos,Bronze,Graves,92,Ziggs,404,Thresh,698
Steven,Bronze,Wukong,629,Azir,216,Morgana,90
Ian,Bronze,LeBlanc,497,Alistar,550,Jax,564
Jesus,Bronze,Viktor,258,Heimerdinger,671,Malphite,472
Timothy,Bronze,Talon,565,Nami,241,Caitlyn,353
Cody,Bronze,Nocturne,353,Nautilus,44,Galio,185
Cole,Bronze,Renekton,380,Swain,629,Maokai,759
Seth,Bronze,Ashe,553,Sejuani,454,Swain,64
Adrian,Bronze,Corki,405,Shyvana,153,Ziggs,690
Devin,Bronze,Lux,378,Zac,588,Soraka,739
Lucas,Bronze,Heimerdinger,705,Caitlyn,798,Lux,151
Richard,Bronze,Kassadin,780,Malphite,237,Azir,502
Patrick,Bronze,Nidalee,137,Heimerdinger,612,Lulu,228
Blake,Bronze,Nunu,257,Nidalee,619,Tryndamere,442
Julian,Bronze,Nocturne,619,Lux,96,Ashe,76
Jared,Bronze,Zilean,461,Pantheon,743,Lux,764
Chase,Bronze,Vel'Koz,675,Jayce,775,Annie,350
Trevor,Bronze,Shen,463,Tryndamere,537,Ahri,68
Sebastian,Bronze,Syndra,322,Singed,399,Kha'Zix,216
Antonio,Bronze,Shaco,27,Lee Sin,284,Zyra,79
Miguel,Bronze,Ahri,609,Katarina,709,Sivir,652
Garrett,Bronze,Pantheon,366,Karthus,581,Rumble,68
Jeremiah,Bronze,Wukong,549,Nautilus,151,Veigar,192
Jesse,Bronze,Volibear,437,Lucian,230,Wukong,178
Owen,Bronze,Kassadin,701,Sona,213,Nautilus,41
Xavier,Bronze,Teemo,434,Nautilus,730,Vi,750
Alejandro,Bronze,Thresh,218,Annie,632,Ryze,475
Mark,Bronze,Karthus,248,Syndra,613,Anivia,265
Dominic,Bronze,Kayle,779,Tahm Kench,626,Zed,716
Jayden,Bronze,Annie,147,Renekton,110,Blitzcrank,691
Jeremy,Bronze,Poppy,330,Warwick,569,Darius,135
Jaden,Bronze,Katarina,332,Azir,774,Lux,415
Bryce,Bronze,Anivia,50,Jax,291,Olaf,420
Victor,Bronze,Renekton,525,Miss Fortune,639,Rengar,332
Jake,Bronze,Ryze,692,Yorick,332,Kindred,313
Hayden,Bronze,Leona,713,Nocturne,290,Graves,288
Diego,Bronze,Mordekaiser,442,Lucian,674,Lee Sin,330
Carson,Bronze,Wukong,401,Renekton,392,Mordekaiser,440
Colin,Bronze,Olaf,31,Sion,208,Elise,176
Riley,Bronze,Katarina,564,Cassiopeia,639,Zyra,246
Wyatt,Bronze,Teemo,454,Bard,597,Ezreal,504
Kenneth,Bronze,Riven,732,Galio,510,Gangplank,51
Carter,Bronze,Kassadin,478,Udyr,37,Orianna,421
Tanner,Bronze,Kog'Maw,303,Wukong,26,Taric,760
Aiden,Bronze,Shen,569,Yorick,634,Jayce,422
Dakota,Bronze,Veigar,367,Varus,766,LeBlanc,71
Tristan,Bronze,Trundle,123,Lulu,258,Ziggs,302
Marcus,Bronze,Akali,136,Twisted Fate,309,Rammus,500
Jorge,Bronze,Lulu,264,Draven,286,Cassiopeia,645
Henry,Bronze,Blitzcrank,125,Jayce,236,Vel'Koz,259
Dalton,Bronze,Udyr,393,Xerath,124,LeBlanc,279
Paul,Bronze,Tristana,445,Xerath,118,Maokai,147
Liam,Bronze,Sejuani,74,Ziggs,595,Vel'Koz,551
Spencer,Bronze,Fizz,377,Zed,738,Heimerdinger,628
Vincent,Bronze,Ziggs,118,Volibear,231,Varus,277
Mitchell,Bronze,Nasus,701,Zyra,450,Nautilus,58
Clayton,Bronze,Leona,268,Urgot,393,Ashe,460
Nolan,Bronze,Braum,213,Rumble,411,Pantheon,375
Micah,Bronze,Nocturne,690,Janna,753,Brand,20
Damian,Bronze,Vi,707,Twisted Fate,673,Ziggs,286
Raymond,Bronze,Volibear,617,Volibear,669,Lissandra,663
Braden,Bronze,Skarner,293,Kha'Zix,167,Urgot,679
Jonah,Bronze,Twisted Fate,599,Jax,140,Gnar,121
Taylor,Bronze,Miss Fortune,238,Twisted Fate,794,Cho'Gath,337
Cooper,Bronze,Rengar,740,Quinn,429,Malzahar,718
Trenton,Bronze,Gnar,654,Sion,85,Ahri,268
Wesley,Bronze,Vel'Koz,386,Trundle,82,Sejuani,288
Corey,Bronze,Janna,337,Quinn,705,Rengar,574
Edwin,Bronze,Tahm Kench,499,Ziggs,366,Gangplank,165
Dustin,Bronze,Evelynn,611,Urgot,137,Udyr,746
Dillon,Bronze,Hecarim,215,Warwick,340,Yorick,421
Scott,Bronze,Sivir,779,Katarina,438,Ziggs,118
Erick,Bronze,Diana,584,Sivir,202,LeBlanc,198
Peyton,Bronze,Nautilus,170,Jinx,691,Karma,55
Emmanuel,Bronze,Sion,368,Graves,721,Volibear,390
Marco,Bronze,Trundle,663,Leona,797,Shaco,718
Sergio,Bronze,Tristana,470,Karma,699,Morgana,252
Dawson,Bronze,Nidalee,155,Lissandra,253,Shyvana,764
Martin,Bronze,Singed,791,Ziggs,64,Karma,790
Hector,Bronze,Ryze,518,Ahri,783,Jarvan IV,383
Giovanni,Bronze,Galio,496,Singed,296,Volibear,309
Roberto,Bronze,Sejuani,690,Kassadin,272,Kalista,726
Donovan,Bronze,Fiddlesticks,180,Darius,681,Rammus,56
Eli,Bronze,Master Yi,688,Nami,97,Shyvana,147
Brett,Bronze,Renekton,564,Aatrox,172,Mordekaiser,570
Alec,Bronze,Soraka,355,Kassadin,88,Dr. Mundo,616
Jakob,Bronze,Ryze,73,Ziggs,727,Ahri,557
Abraham,Bronze,Quinn,319,Blitzcrank,708,Syndra,52
Harrison,Bronze,Ziggs,88,Yorick,138,Malphite,725
Andre,Bronze,Kayle,422,Kayle,41,Bard,348
Andy,Bronze,Gangplank,203,Nautilus,498,Nidalee,639
Malik,Bronze,Irelia,734,Rumble,432,Veigar,28
Drew,Bronze,Syndra,180,Corki,508,Singed,62
Ruben,Bronze,Katarina,684,Brand,404,Kalista,428
Ty,Bronze,Nunu,503,Lee Sin,217,Nidalee,582
Damien,Bronze,Miss Fortune,222,Miss Fortune,695,Olaf,226
Jaylen,Bronze,Galio,78,Syndra,379,Jinx,318
Cade,Bronze,Bard,568,Hecarim,585,Dr. Mundo,326
Pedro,Bronze,Malphite,413,Shyvana,355,Corki,336
Calvin,Bronze,Fiddlesticks,695,Sona,360,Nidalee,208
Elias,Bronze,Fizz,656,Karthus,438,Xin Zhao,504
Josue,Bronze,Pantheon,488,Aatrox,676,Kindred,215
Leonardo,Bronze,Tristana,704,Vayne,337,Ashe,462
Frank,Bronze,Rammus,780,Corki,722,Ashe,707
Malachi,Bronze,Fiddlesticks,325,Kindred,399,Lucian,235
Phillip,Bronze,Karthus,268,Elise,181,Akali,518
Ronald,Bronze,Amumu,717,Nautilus,546,Soraka,670
Chandler,Bronze,Wukong,760,Malphite,405,Galio,112
Trey,Bronze,Graves,763,Fiddlesticks,677,Darius,719
Bryson,Bronze,Talon,663,Amumu,53,Darius,167
Gerardo,Bronze,Vel'Koz,453,Kog'Maw,27,Nunu,429
Skyler,Bronze,Diana,611,Zilean,626,Rammus,799
Chance,Bronze,Corki,116,Cassiopeia,173,Kassadin,333
Rafael,Bronze,Fiora,376,Ryze,257,Rengar,87
Trent,Bronze,Quinn,123,Kog'Maw,585,Trundle,305
Casey,Bronze,Warwick,196,Dr. Mundo,471,Zac,55
Zane,Bronze,Twisted Fate,125,Urgot,712,Hecarim,279
Griffin,Bronze,Malphite,693,Gragas,605,Caitlyn,468
Avery,Bronze,Volibear,629,Xin Zhao,735,Gangplank,309
Dominick,Bronze,Orianna,543,Bard,585,Sejuani,413
Derrick,Bronze,Fiddlesticks,310,Twitch,493,Ziggs,290
Miles,Bronze,Udyr,328,Olaf,272,Yasuo,217
Raul,Bronze,Karthus,48,Garen,41,Sivir,213
Johnny,Bronze,Garen,441,Mordekaiser,643,Zac,286
Israel,Bronze,Wukong,625,Ziggs,255,Twisted Fate,176
Armando,Bronze,Draven,657,Darius,134,Nasus,667
Darius,Bronze,Ryze,300,Tristana,89,Lux,46
Troy,Bronze,Zac,635,Xerath,602,Sivir,286
Kaleb,Bronze,Heimerdinger,108,Dr. Mundo,48,Diana,589
Edward,Bronze,Rek'Sai,50,Nautilus,763,Fiddlesticks,83
Oscar,Bronze,Lux,640,Talon,124,Braum,246
Joel,Bronze,Quinn,702,Elise,185,Shaco,367
Eduardo,Bronze,Taric,84,Tristana,76,Miss Fortune,318
Landon,Bronze,Xerath,161,Nocturne,331,Zilean,589
Brendan,Bronze,Lissandra,45,Syndra,633,Orianna,288
Parker,Bronze,Nocturne,491,Ziggs,685,Gangplank,330
Colton,Bronze,Nocturne,725,Urgot,402,Ahri,129
Maxwell,Bronze,Nautilus,243,Xin Zhao,762,Nidalee,372
Jeffrey,Bronze,Galio,253,Syndra,269,Yasuo,792
Grant,Bronze,Lucian,60,Nidalee,543,Shyvana,244
Alexis,Bronze,Orianna,270,Zilean,552,Syndra,563
George,Bronze,Rumble,585,Urgot,245,Blitzcrank,221
Ivan,Bronze,LeBlanc,169,Kog'Maw,538,Zilean,215
Collin,Bronze,Elise,534,Anivia,699,Ashe,442
Shane,Bronze,Mordekaiser,767,Nami,197,Ahri,339
Peter,Bronze,Sivir,400,Viktor,619,Twitch,357
Brayden,Bronze,Evelynn,52,Xin Zhao,236,Kassadin,685
Ashton,Bronze,Jarvan IV,594,Zac,674,Ezreal,591
Nicolas,Bronze,Blitzcrank,675,Bard,144,Graves,796
Derek,Bronze,Bard,210,Karthus,337,Talon,473
Ricardo,Bronze,Viktor,374,Singed,86,Maokai,561
Jalen,Bronze,Rumble,562,Maokai,208,Kha'Zix,580
Travis,Bronze,Lux,560,Irelia,335,Poppy,114
Francisco,Bronze,Lulu,233,Cho'Gath,155,LeBlanc,353
Alan,Bronze,Diana,285,Skarner,729,Jarvan IV,414
Caden,Bronze,Veigar,763,Ezreal,160,Malzahar,695
Gage,Bronze,Ekko,298,Vladimir,518,Janna,54
Omar,Bronze,Lulu,747,Anivia,510,Garen,231
Cristian,Bronze,Ryze,129,Corki,629,Heimerdinger,64
Preston,Bronze,Sivir,132,Fizz,228,Orianna,695
Bradley,Bronze,Ahri,642,Aatrox,409,Karma,349
Shawn,Bronze,Lux,292,Alistar,686,Ahri,712
Brady,Bronze,Cho'Gath,694,Lee Sin,792,Veigar,201
Devon,Bronze,Mordekaiser,723,Taric,297,Nasus,515
Fernando,Bronze,Warwick,504,Cho'Gath,170,Teemo,320
Colby,Bronze,Taric,71,Corki,308,Nidalee,163
Erik,Bronze,Tristana,640,Tristana,441,Morgana,58
Javier,Bronze,Lucian,566,Viktor,636,Jarvan IV,578
Kaden,Bronze,Irelia,285,Ziggs,64,Shen,762
Josiah,Bronze,Kennen,421,Maokai,646,Udyr,568
Andres,Bronze,Jax,738,Malzahar,403,Braum,25
Max,Bronze,Rengar,658,Viktor,439,Tahm Kench,691
Cesar,Bronze,Skarner,142,Gnar,111,Rengar,310
Manuel,Bronze,Leona,54,Pantheon,216,Ziggs,780
Gregory,Bronze,Sejuani,282,Draven,234,Thresh,165
Levi,Bronze,Katarina,132,Tryndamere,635,Kassadin,196
Mario,Bronze,Vel'Koz,480,Amumu,723,Morgana,307
Johnathan,Bronze,Sona,400,Kalista,98,Malzahar,344
Edgar,Bronze,Malphite,373,Lulu,416,Varus,114
Conner,Bronze,Syndra,528,Gangplank,774,Jax,181
Enrique,Bronze,Heimerdinger,541,Orianna,443,Kennen,447
Donald,Bronze,Tristana,334,Gnar,407,Jax,251
Keith,Bronze,Syndra,186,Diana,591,Swain,705
Marcos,Bronze,Zed,793,Maokai,782,Cho'Gath,290
Payton,Bronze,Garen,632,Zac,711,Nidalee,416
Allen,Bronze,Cho'Gath,253,Akali,193,Twitch,470
Simon,Bronze,Taric,266,Kog'Maw,506,Jayce,634
Dante,Bronze,Elise,181,Vel'Koz,27,Caitlyn,526
Jaime,Bronze,Olaf,322,Nautilus,692,Amumu,144
Zackary,Bronze,Fizz,666,Janna,229,Lux,648
Julio,Bronze,Diana,73,Ezreal,778,Alistar,699
Brock,Bronze,Varus,288,Nami,617,Nami,84
Kobe,Bronze,Vel'Koz,160,Xin Zhao,416,Corki,198
Brenden,Bronze,Lee Sin,83,Ziggs,180,Kayle,719
Keegan,Bronze,Vi,30,Hecarim,575,Riven,586
Drake,Bronze,Gragas,45,Kassadin,88,Amumu,143
Lance,Bronze,Kog'Maw,661,Aatrox,234,Janna,408
Oliver,Bronze,Graves,517,Garen,311,Taric,743
Kameron,Bronze,Alistar,223,Renekton,789,Yorick,686
Jonathon,Bronze,Kassadin,132,Gragas,335,Blitzcrank,232
Mathew,Bronze,Galio,656,Taric,625,Graves,551
Brody,Bronze,Wukong,58,Olaf,731,Heimerdinger,370
Alberto,Bronze,Nunu,257,Fiora,451,Kassadin,179
Gustavo,Bronze,Cassiopeia,20,Blitzcrank,432,Miss Fortune,224
Philip,Bronze,Lux,766,Twisted Fate,304,Vi,253
Jace,Bronze,Kennen,774,Karthus,99,Shyvana,339
Jimmy,Bronze,Ahri,184,Kayle,432,Taric,82
Fabian,Bronze,Master Yi,398,Fizz,388,Thresh,309
Dennis,Bronze,Jarvan IV,259,Zed,148,Hecarim,701
Jerry,Bronze,Ziggs,698,Xerath,534,Pantheon,638
Marc,Bronze,Dr. Mundo,384,Urgot,394,Lux,277
Cory,Bronze,Yorick,109,Dr. Mundo,109,Ekko,79
Brennan,Bronze,Fizz,377,Twisted Fate,670,Ryze,765
Ayden,Bronze,Malphite,127,Yasuo,212,Nunu,40
Louis,Bronze,Soraka,265,Jinx,289,Udyr,690
Angelo,Bronze,Syndra,338,Viktor,71,Corki,738
Camden,Bronze,Nautilus,469,Lee Sin,598,Ziggs,306
Corbin,Bronze,Janna,363,Nami,339,Master Yi,86
Saul,Bronze,Blitzcrank,64,Garen,474,Sivir,341
Danny,Bronze,Karthus,693,Cassiopeia,462,Irelia,528
Kyler,Bronze,Aatrox,582,Twisted Fate,84,Riven,106
Roman,Bronze,Malphite,679,Poppy,328,Diana,630
Curtis,Bronze,Vi,369,Yasuo,705,Xin Zhao,594
Tucker,Bronze,Urgot,771,Corki,248,Azir,410
Myles,Bronze,Lucian,572,Kayle,382,Annie,372
Bailey,Bronze,Rammus,271,Poppy,387,Master Yi,575
Chad,Bronze,Master Yi,105,Lucian,683,Taric,558
Tony,Bronze,Janna,535,Yasuo,196,Janna,433
Arturo,Bronze,Shyvana,668,Ziggs,362,Taric,21
Pablo,Bronze,Maokai,225,Kassadin,461,Galio,541
Damon,Bronze,Malzahar,464,Shen,572,Rumble,157
Randy,Bronze,Trundle,175,Lucian,347,Gragas,589
Lane,Bronze,Rek'Sai,392,Thresh,659,Kog'Maw,87
Gary,Bronze,Kog'Maw,577,Dr. Mundo,556,Pantheon,160
Braxton,Bronze,Ryze,255,Fizz,613,Galio,235
Douglas,Bronze,Blitzcrank,667,Volibear,179,Galio,169
Kai,Bronze,Lux,771,Azir,236,Lucian,331
Albert,Bronze,Braum,693,Varus,37,Leona,721
Grayson,Bronze,Irelia,521,Yorick,782,Gangplank,143
Larry,Bronze,Galio,62,Ziggs,736,Yasuo,672
Nickolas,Bronze,Lux,498,Master Yi,440,Pantheon,281
Emanuel,Bronze,Kalista,184,Nocturne,792,Xerath,241
Quinn,Bronze,Swain,410,Cho'Gath,40,Leona,383
Lorenzo,Bronze,Varus,542,Cassiopeia,767,Bard,321
Darren,Bronze,Nami,678,Aatrox,144,Vayne,610
Alfredo,Bronze,Brand,205,Quinn,700,Fiora,701
Theodore,Bronze,Rammus,170,Urgot,37,Rek'Sai,615
Bryant,Bronze,Kog'Maw,326,Blitzcrank,338,Master Yi,468
Tyson,Bronze,Aatrox,748,Yorick,175,Shyvana,337
Axel,Bronze,Wukong,105,Renekton,41,Ziggs,457
Zion,Bronze,Rammus,624,Swain,647,Pantheon,497
Leo,Bronze,Skarner,504,Yasuo,95,Sona,608
Joe,Bronze,Vladimir,645,Zed,705,Darius,396
Lukas,Bronze,Akali,215,Rumble,706,Draven,771
Santiago,Bronze,Soraka,558,Morgana,474,Graves,21
Tristen,Bronze,Twitch,760,Zyra,216,Pantheon,228
Emilio,Bronze,Lissandra,512,Yasuo,271,Malphite,697
Jaxon,Bronze,Volibear,791,Ryze,212,Rumble,321
Kristopher,Bronze,Trundle,356,Tristana,352,Fiddlesticks,696
Ramon,Bronze,Bard,745,Amumu,175,Dr. Mundo,529
Ismael,Bronze,Rek'Sai,618,Ashe,62,Master Yi,592
Ricky,Bronze,Annie,723,Tryndamere,83,Mordekaiser,689
Russell,Bronze,Shyvana,242,Annie,765,Aatrox,366
Arthur,Bronze,Cassiopeia,174,Thresh,706,Rek'Sai,544
Zachery,Bronze,Pantheon,153,Ziggs,646,Leona,78
Moises,Bronze,Elise,82,Lucian,544,Viktor,671
Salvador,Bronze,Ziggs,381,Jinx,358,Warwick,422
Jay,Bronze,Elise,292,Syndra,299,Talon,43
Carl,Bronze,Twisted Fate,276,Tristana,260,Yorick,748
Ernesto,Bronze,Fizz,617,Volibear,219,Ziggs,491
Quentin,Bronze,Kalista,377,Karma,591,Kalista,284
Jayson,Bronze,Karma,170,Soraka,583,Swain,312
Walter,Bronze,Gangplank,474,Ahri,332,Akali,437
Ezekiel,Bronze,Volibear,646,Jinx,133,Dr. Mundo,741
Micheal,Bronze,Zilean,240,Jarvan IV,454,Nocturne,485
Esteban,Bronze,Lissandra,538,Brand,96,Malzahar,112
Dallas,Bronze,Taric,743,Ziggs,357,Nocturne,284
Nikolas,Bronze,Wukong,649,Shaco,431,Orianna,512
Lawrence,Bronze,Urgot,156,Cassiopeia,349,Miss Fortune,544
Morgan,Bronze,Rammus,631,Varus,233,Olaf,524
Marvin,Bronze,Xerath,479,Anivia,416,Teemo,418
Tommy,Bronze,Soraka,242,Mordekaiser,97,Ziggs,300
Maximilian,Bronze,Gangplank,712,Jayce,456,Poppy,745
Mateo,Bronze,Urgot,387,Bard,632,Malzahar,497
Deandre,Bronze,Syndra,744,Alistar,186,Ryze,767
Marshall,Bronze,Jinx,400,Katarina,438,Rumble,427
Abel,Bronze,Ahri,34,Fiddlesticks,658,Malphite,366
Isiah,Bronze,Anivia,320,Bard,799,Mordekaiser,398
Ali,Bronze,Caitlyn,101,Galio,444,Rumble,733
Brent,Bronze,Rek'Sai,438,Yasuo,133,Rumble,313
Jaiden,Bronze,Cassiopeia,237,Draven,306,Nasus,422
Camron,Bronze,Jinx,783,Zac,362,Annie,792
Braeden,Bronze,Cassiopeia,413,Veigar,75,Hecarim,33
Reece,Bronze,Yorick,78,Kalista,614,Ezreal,753
Maurice,Bronze,Yasuo,187,Singed,28,Shen,364
Jeffery,Bronze,Nunu,186,Ziggs,665,Hecarim,657
Terry,Bronze,Braum,757,Cho'Gath,253,Ryze,520
Cayden,Bronze,Ashe,67,Kog'Maw,686,Malphite,340
Amir,Bronze,Viktor,82,Malphite,73,Zac,160
Keaton,Bronze,Evelynn,179,Graves,648,Viktor,295
Branden,Bronze,Kalista,594,Soraka,405,Galio,774
Jarrett,Bronze,Thresh,650,Veigar,601,Ziggs,619
Eddie,Bronze,Jax,277,Sivir,41,Brand,545
Dean,Bronze,Jinx,374,Vi,707,Akali,482
Mauricio,Bronze,Soraka,469,Anivia,780,Yorick,52
Orlando,Bronze,Vayne,581,Warwick,382,Malphite,109
Rodney,Bronze,Zilean,768,Talon,213,Diana,357
Davis,Bronze,Warwick,365,Varus,727,Pantheon,621
Jon,Bronze,Renekton,570,Fiora,95,Rengar,677
Justice,Bronze,Malzahar,425,Ezreal,348,Pantheon,143
Xander,Bronze,Varus,656,Rengar,575,Vel'Koz,752
Brayan,Bronze,Nami,776,Katarina,664,Draven,462
Rodrigo,Bronze,Rek'Sai,123,Jarvan IV,502,Tryndamere,525
Jamal,Bronze,Kha'Zix,362,Lux,181,Riven,315
Hugo,Bronze,Nidalee,429,Olaf,750,Kog'Maw,707
Kody,Bronze,Vladimir,126,Ezreal,615,Lucian,287
Felix,Bronze,Katarina,352,Nunu,500,Ahri,655
Kade,Bronze,Lucian,514,Lulu,670,Shen,746
Shaun,Bronze,Azir,686,Gangplank,728,Xin Zhao,271
Roger,Bronze,Vi,429,Jarvan IV,657,Syndra,78
Chris,Bronze,Zilean,340,Swain,700,Veigar,609
Conor,Bronze,Ashe,486,Lux,606,Kennen,197
Skylar,Bronze,Lux,554,Kassadin,548,Vi,526
Reese,Bronze,Teemo,533,Ziggs,339,Rengar,299
Trevon,Bronze,Orianna,574,Ahri,530,Zed,178
Craig,Bronze,Kassadin,139,Zilean,204,Nunu,636
Maximus,Bronze,Janna,99,Ashe,385,Zyra,415
Zachariah,Bronze,Jax,522,Kha'Zix,669,Braum,130
Weston,Bronze,Ashe,129,Skarner,225,Aatrox,163
Javon,Bronze,Shyvana,767,Volibear,631,Karthus,227
Adan,Bronze,Veigar,505,Pantheon,487,Dr. Mundo,587
Brendon,Bronze,Shyvana,757,LeBlanc,504,Ziggs,262
Kelvin,Bronze,Gnar,471,Nasus,59,Nami,94
Charlie,Bronze,Ziggs,556,Karma,307,Shen,709
Walker,Bronze,Kayle,107,Yorick,239,Soraka,394
Melvin,Bronze,Draven,784,Jax,660,Vel'Koz,270
Bobby,Bronze,Brand,430,Fiora,796,Maokai,64
Graham,Bronze,Twisted Fate,266,Fizz,138,Nami,570
Guillermo,Bronze,Xin Zhao,710,Ekko,391,Vayne,437
Quinton,Bronze,Mordekaiser,659,Master Yi,692,Nunu,20
Landen,Bronze,Zilean,476,Ryze,167,Ahri,520
Tyrese,Bronze,Azir,99,Shen,222,Vayne,341
Julius,Bronze,Warwick,138,Olaf,650,Taric,309
Billy,Bronze,Kha'Zix,55,Evelynn,189,Amumu,511
Zackery,Bronze,Rammus,204,Shen,725,Kassadin,414
Demetrius,Bronze,Aatrox,96,Viktor,639,Cassiopeia,627
Issac,Bronze,Malzahar,210,Udyr,373,Nami,572
Holden,Bronze,Tahm Kench,66,Vi,65,Vi,566
Ezra,Bronze,Malphite,179,Kennen,440,Quinn,334
Jaylon,Bronze,Leona,186,Riven,669,Garen,784
Desmond,Bronze,Orianna,172,Dr. Mundo,574,Warwick,608
Frederick,Bronze,Malphite,727,Annie,318,Corki,159
Nelson,Bronze,Olaf,421,Bard,58,Azir,293
Tate,Bronze,Vi,662,Corki,660,Galio,146
Khalil,Bronze,Nidalee,274,Nocturne,212,Xerath,274
Dorian,Bronze,Akali,47,Orianna,55,Akali,153
Rene,Bronze,Trundle,794,Alistar,164,Twisted Fate,422
Jessie,Bronze,Skarner,522,Tahm Kench,529,Malzahar,111
Zander,Bronze,Amumu,148,Fiora,199,Cassiopeia,108
Aden,Bronze,Shyvana,367,Vel'Koz,413,Yasuo,209
Johnathon,Bronze,Jayce,201,Trundle,44,Varus,715
Jaylin,Bronze,Rek'Sai,34,Morgana,142,Nautilus,467
Gerald,Bronze,Jax,280,Thresh,336,Xerath,616
Felipe,Bronze,Sivir,147,Vladimir,117,Xin Zhao,307
Reginald,Bronze,Lulu,61,Zyra,259,Garen,721
Elliot,Bronze,Vladimir,449,Ashe,651,Zyra,507
Roy,Bronze,Nocturne,678,Rumble,292,Irelia,315
Ahmad,Bronze,Lux,485,Zyra,624,Sion,369
Steve,Bronze,Rengar,217,Taric,490,Rek'Sai,709
Kolby,Bronze,Rammus,357,Nami,320,Katarina,739
Malcolm,Bronze,Poppy,490,Jarvan IV,459,Master Yi,48
Jadon,Bronze,Warwick,389,Azir,55,Jayce,196
Terrance,Bronze,Master Yi,242,Olaf,766,Nocturne,564
Hudson,Bronze,Singed,309,Jarvan IV,79,Gragas,175
Bennett,Bronze,Karma,210,Mordekaiser,39,Shyvana,380
Willie,Bronze,Master Yi,772,Sion,241,Sivir,536
Noel,Bronze,Katarina,541,Tryndamere,467,Zac,282
Kendall,Bronze,Veigar,333,Sona,791,Tahm Kench,347
Kristian,Bronze,Ashe,450,Twitch,120,Irelia,274
Nathanael,Bronze,Kalista,445,Rengar,692,Bard,622
Harley,Bronze,Lux,652,Ekko,307,Syndra,190
Sam,Bronze,Yasuo,755,Ezreal,745,Mordekaiser,251
Jermaine,Bronze,Yasuo,609,Kindred,438,Rumble,763
Dane,Bronze,Garen,439,Syndra,640,Varus,131
Reid,Bronze,Gangplank,314,Warwick,247,Sona,123
Damion,Bronze,Rumble,641,Olaf,226,Skarner,23
Asher,Bronze,Udyr,377,Syndra,450,Janna,490
Uriel,Bronze,Orianna,644,Dr. Mundo,716,Galio,361
Clay,Bronze,Zyra,96,Taric,96,Viktor,747
Declan,Bronze,Kalista,577,Kayle,176,Leona,33
Marquis,Bronze,Nautilus,138,Irelia,83,Sejuani,187
Bruce,Bronze,Sona,259,Teemo,480,Annie,419
Noe,Bronze,Warwick,646,Kha'Zix,721,Kennen,457
Allan,Bronze,Ryze,174,Kayle,505,Nasus,584
Quincy,Bronze,Cassiopeia,596,Rumble,180,Cho'Gath,491
Rylan,Bronze,Shen,643,Tristana,54,Vel'Koz,75
Kenny,Bronze,Urgot,181,Master Yi,158,Sona,49
Osvaldo,Bronze,Graves,279,Zed,608,Nasus,315
Beau,Bronze,Tryndamere,248,Jarvan IV,80,Katarina,513
Terrell,Bronze,Taric,215,Twitch,639,Jayce,221
Blaine,Bronze,Nocturne,398,Nami,571,Vi,776
Kayden,Bronze,Lee Sin,783,Teemo,400,Talon,147
Kaiden,Bronze,Zilean,792,Jarvan IV,397,Viktor,598
Sawyer,Bronze,Dr. Mundo,525,Rengar,390,Shen,506
Franklin,Bronze,Galio,560,Irelia,645,Irelia,400
Solomon,Bronze,Corki,718,Jarvan IV,104,Malphite,140
Davion,Bronze,Udyr,186,Nocturne,377,Teemo,530
Emiliano,Bronze,Jarvan IV,404,Tahm Kench,106,Master Yi,195
Tomas,Bronze,Cassiopeia,508,Ryze,218,Ahri,755
Joaquin,Bronze,Miss Fortune,424,Wukong,604,Renekton,756
Yahir,Bronze,Mordekaiser,684,Rengar,429,Ezreal,173
Todd,Bronze,Cho'Gath,245,Ashe,399,Fiddlesticks,402
Darian,Bronze,Kindred,88,Rammus,672,Draven,340
Jonas,Bronze,Galio,749,Quinn,336,Karma,93
Rodolfo,Bronze,Bard,459,Ekko,187,Volibear,576
Triston,Bronze,Alistar,299,Wukong,767,Malphite,366
Toby,Bronze,Kayle,485,Rek'Sai,222,Braum,74
Moses,Bronze,Nunu,732,Volibear,683,Miss Fortune,111
Francis,Bronze,Xin Zhao,352,Nunu,460,Diana,578
Byron,Bronze,Kog'Maw,636,Jinx,71,Zac,239
Reed,Bronze,Azir,158,Garen,181,Aatrox,379
Rogelio,Bronze,Ahri,239,Gragas,401,Twitch,654
Alvin,Bronze,Jarvan IV,788,Ekko,196,Lucian,727
Mohamed,Bronze,Wukong,246,Rumble,259,Nunu,642
Kendrick,Bronze,Nidalee,517,Twisted Fate,172,Xerath,743
Silas,Bronze,Morgana,689,Lux,589,Zed,601
Wilson,Bronze,Kindred,774,Trundle,744,Taric,169
Devan,Bronze,Rammus,429,Leona,515,Graves,643
Jaquan,Bronze,Zed,167,Orianna,177,Lux,238
Tyrone,Bronze,Nasus,610,Riven,405,Skarner,479
Mekhi,Bronze,Lissandra,376,Urgot,268,Jarvan IV,46
Nasir,Bronze,Graves,37,Galio,619,Lulu,63
Warren,Bronze,Rammus,689,Syndra,715,Azir,205
Deven,Bronze,Graves,364,Udyr,287,Soraka,267
Joey,Bronze,Lissandra,558,Ahri,624,Graves,162
Leon,Bronze,Malzahar,125,Lux,229,Syndra,319
Randall,Bronze,Riven,181,Lee Sin,179,Trundle,472
Gilberto,Bronze,Ezreal,760,Rumble,86,Anivia,765
Duncan,Bronze,Fiora,558,Quinn,269,Garen,551
Jude,Bronze,Vel'Koz,509,Maokai,154,Sion,625
Cedric,Bronze,Xerath,95,Kayle,299,Syndra,424
Ramiro,Bronze,Thresh,504,Jinx,707,Zyra,785
Amari,Bronze,Nidalee,83,Vi,400,Leona,345
Cyrus,Bronze,Akali,141,Malzahar,259,Orianna,398
Luca,Bronze,Irelia,709,Riven,680,Rumble,148
Alfonso,Bronze,Darius,217,Rammus,457,Ashe,281
Pierce,Bronze,Garen,330,Nocturne,643,Rumble,293
Marlon,Bronze,Garen,664,Hecarim,127,Vayne,492
Ahmed,Bronze,Veigar,266,Tristana,446,Nami,766
Lee,Bronze,Poppy,490,Volibear,262,LeBlanc,639
Elliott,Bronze,Gragas,786,Gangplank,776,Annie,96
Dayton,Bronze,LeBlanc,435,Leona,421,Renekton,773
Dale,Bronze,Jarvan IV,619,Pantheon,41,Shyvana,767
Braydon,Bronze,Akali,237,Vladimir,351,Rumble,619
Easton,Bronze,Dr. Mundo,474,Leona,203,Lissandra,499
Wade,Bronze,Kalista,777,Gangplank,619,Quinn,545
Jerome,Bronze,Irelia,49,Katarina,782,Tristana,303
Leonel,Bronze,Shaco,654,Ahri,128,Singed,472
Harry,Bronze,Kayle,25,Thresh,539,Lissandra,102
Ross,Bronze,Olaf,278,Nidalee,414,Wukong,535
Ronnie,Bronze,Wukong,21,Zed,644,Kha'Zix,437
Deshawn,Bronze,Viktor,642,Taric,25,Akali,614
Jamie,Bronze,Orianna,720,Kindred,88,Leona,338
Stanley,Bronze,Malphite,231,Tryndamere,233,Master Yi,404
Tristin,Bronze,Fizz,229,Sejuani,303,Gnar,792
Darrell,Bronze,Rengar,51,Gnar,705,Kalista,232
Rolando,Bronze,Vayne,650,Renekton,628,Orianna,587
Mohammad,Bronze,Shyvana,231,Lux,692,Miss Fortune,113
Trace,Bronze,Teemo,608,Nunu,442,Zed,143
Will,Bronze,Kog'Maw,108,Ahri,549,Nidalee,122
Addison,Bronze,Galio,497,Xerath,169,Volibear,83
Jaheim,Bronze,Nunu,32,Lulu,560,Gnar,65
Alonzo,Bronze,Ekko,100,Lulu,43,Swain,557
Terrence,Bronze,Nocturne,775,Soraka,605,Amumu,168
Garret,Bronze,Yasuo,261,Irelia,62,Sivir,64
Adolfo,Bronze,Lee Sin,461,Sion,398,Blitzcrank,498
Tobias,Bronze,Orianna,780,Ahri,179,Ezreal,68
Jaydon,Silver,Rumble,704,Kog'Maw,447,Kindred,546
Jordon,Silver,Leona,161,Wukong,577,Zilean,187
Kieran,Silver,Karthus,177,Elise,517,Renekton,197
Isaias,Silver,Tahm Kench,748,Katarina,726,Diana,50
Leonard,Silver,Soraka,772,Leona,475,Zac,411
Coby,Silver,Teemo,758,Vel'Koz,501,Brand,156
Tyrell,Silver,Lee Sin,616,Rumble,498,Maokai,229
Jarod,Silver,Corki,490,Nunu,727,Rammus,213
Rohan,Silver,Jinx,21,Lee Sin,553,Draven,438
Jamari,Silver,Udyr,463,Malzahar,416,Bard,516
Jasper,Silver,Teemo,96,Graves,490,Jax,796
Ben,Silver,Poppy,319,Vayne,434,Dr. Mundo,315
Eugene,Silver,Maokai,260,Garen,149,Volibear,462
Ariel,Silver,Pantheon,577,Cassiopeia,509,Malphite,444
Wayne,Silver,Kassadin,456,Talon,744,Shaco,233
Tyree,Silver,Malphite,395,Riven,557,Nautilus,525
Neil,Silver,Akali,421,Elise,544,Nasus,95
Mohammed,Silver,Cho'Gath,578,Evelynn,334,Shyvana,478
Alvaro,Silver,Lux,127,Rengar,37,Kha'Zix,455
Orion,Silver,Sion,239,Vladimir,702,Brand,481
Colten,Silver,Lucian,122,Hecarim,181,Shen,265
Rudy,Silver,Ezreal,492,Renekton,274,Katarina,207
Gilbert,Silver,Riven,508,Wukong,671,Rumble,28
Jayce,Silver,Sona,300,Hecarim,590,Urgot,261
Vicente,Silver,Tristana,647,Udyr,549,Aatrox,394
Davon,Silver,Teemo,363,Yorick,771,Fiora,82
Aldo,Silver,Urgot,34,Annie,797,Karma,493
Keenan,Silver,Yasuo,545,Cho'Gath,793,Kassadin,790
Jaron,Silver,Heimerdinger,343,Graves,77,Quinn,51
Efrain,Silver,Kayle,163,Gnar,760,Gragas,214
Ulises,Silver,Nami,355,Ashe,197,Teemo,636
Ray,Silver,Yasuo,532,Amumu,20,Corki,705
Ezequiel,Silver,Malzahar,204,Darius,166,Udyr,471
Gunnar,Silver,Sivir,48,Miss Fortune,395,Kennen,516
Ernest,Silver,Renekton,112,Katarina,406,Rengar,141
Izaiah,Silver,Braum,465,Riven,184,Teemo,670
Coleman,Silver,Rammus,752,Yorick,464,Zyra,271
Everett,Silver,Jinx,134,Brand,231,Garen,752
Brennen,Silver,Gnar,540,Kennen,235,Gnar,286
Harold,Silver,Ezreal,313,Caitlyn,538,Annie,218
Romeo,Silver,Amumu,774,Hecarim,625,Azir,341
Jaxson,Silver,Tristana,102,Akali,465,Teemo,52
Sage,Silver,Master Yi,547,Lissandra,76,Gragas,159
Dominique,Silver,Nautilus,344,Tristana,353,Heimerdinger,140
Donte,Silver,Nautilus,429,Hecarim,420,Singed,656
Johan,Silver,Jax,152,Quinn,443,Teemo,67
River,Silver,Lissandra,627,Evelynn,345,Rammus,596
Quintin,Silver,Lucian,478,Irelia,252,Yasuo,52
Ryder,Silver,Kalista,226,Talon,283,Zed,23
Sterling,Silver,Taric,376,Vel'Koz,696,Lucian,269
Keshawn,Silver,Ezreal,181,Karthus,115,Viktor,212
Jameson,Silver,Xin Zhao,130,Katarina,304,Kayle,571
Koby,Silver,Ezreal,342,Ekko,317,Heimerdinger,616
Lincoln,Silver,Draven,165,Veigar,368,Sejuani,423
Kadin,Silver,Zed,420,Morgana,60,Tristana,386
Brice,Silver,Irelia,412,Irelia,278,Vi,643
Titus,Silver,Zilean,515,Vladimir,284,Quinn,280
Humberto,Silver,Katarina,480,Jinx,256,Gragas,653
Dwayne,Silver,Orianna,281,Brand,482,Pantheon,671
Kolton,Silver,Dr. Mundo,673,Xin Zhao,285,Riven,638
Agustin,Silver,Bard,303,Urgot,32,Leona,611
Cristopher,Silver,Kennen,404,Viktor,520,Darius,151
Cruz,Silver,Vel'Koz,182,Rammus,29,Warwick,757
Lewis,Silver,Jinx,293,Shen,46,Shaco,125
Jamison,Silver,Volibear,320,Renekton,645,Brand,159
Devonte,Silver,Amumu,352,Gangplank,594,Cho'Gath,581
Mike,Silver,Blitzcrank,94,Varus,478,Vi,349
Kellen,Silver,Ezreal,605,Vayne,722,Cho'Gath,30
Kevon,Silver,Fiora,291,Rek'Sai,37,Nasus,697
Antoine,Silver,Tryndamere,119,Rengar,51,Warwick,433
Karl,Silver,Braum,695,Udyr,311,Skarner,692
Jairo,Silver,Sion,449,Darius,775,Sona,752
Darien,Silver,Caitlyn,537,Kennen,152,Taric,137
Freddy,Silver,Ekko,556,Singed,791,Soraka,471
Darryl,Silver,Thresh,40,Sejuani,127,Cassiopeia,458
Phoenix,Silver,Irelia,144,Nocturne,270,Annie,197
Elisha,Silver,Irelia,666,Karthus,708,Sion,762
Dashawn,Silver,Garen,670,Zed,706,Syndra,434
Grady,Silver,Draven,184,Hecarim,576,Riven,626
Jett,Silver,Kha'Zix,365,Xerath,222,Sona,35
Jamar,Silver,Orianna,693,Alistar,423,Sivir,591
Kareem,Silver,Lissandra,253,Amumu,712,Nautilus,56
Cullen,Silver,Azir,657,Vayne,142,Anivia,685
Devyn,Silver,Anivia,242,Heimerdinger,588,Tahm Kench,81
Julien,Silver,Kha'Zix,289,Sejuani,339,Nami,108
Nathanial,Silver,Jax,322,Amumu,774,Janna,618
Caiden,Silver,Corki,406,Lissandra,62,Tahm Kench,288
Glenn,Silver,Yorick,104,Alistar,329,Katarina,428
Davin,Silver,Morgana,628,Urgot,747,Riven,137
Ralph,Silver,Quinn,543,Fiddlesticks,494,Gnar,25
Aron,Silver,Katarina,87,Shyvana,213,Fiddlesticks,338
Nehemiah,Silver,LeBlanc,781,Sona,540,Lux,369
Keyshawn,Silver,Xin Zhao,666,Ekko,108,Kassadin,546
Kole,Silver,Thresh,642,Hecarim,648,Tristana,296
Ibrahim,Silver,Garen,792,Tristana,321,Bard,765
Salvatore,Silver,Caitlyn,660,Twisted Fate,501,Singed,434
Muhammad,Silver,Ashe,88,Kayle,30,Taric,196
Alfred,Silver,Cassiopeia,686,Xerath,681,Yorick,429
Gunner,Silver,Soraka,663,Corki,251,Poppy,144
Kane,Silver,Ahri,91,Udyr,449,Ashe,203
Moshe,Silver,Zilean,551,Gangplank,179,Amumu,451
Octavio,Silver,Yorick,639,Master Yi,565,Xerath,602
August,Silver,Fizz,204,Varus,132,Viktor,613
Markus,Silver,Alistar,417,Sivir,54,Vladimir,60
Rashad,Silver,Jayce,305,Kennen,53,Akali,657
Dominik,Silver,Bard,575,Blitzcrank,123,Twisted Fate,477
Ignacio,Silver,Fizz,33,Olaf,136,Nami,177
Elvis,Silver,Tryndamere,429,Vi,434,Rammus,523
Irvin,Silver,Volibear,654,Jax,591,Draven,535
Keon,Silver,Lucian,457,Sion,788,Kassadin,207
Sidney,Silver,Fiddlesticks,782,Ashe,301,Karthus,399
Junior,Silver,Lux,603,Xerath,360,Malzahar,622
Shamar,Silver,Nautilus,259,Nami,681,Ezreal,751
Karson,Silver,Skarner,310,Tristana,142,Sejuani,371
Marquise,Silver,Tryndamere,454,Cassiopeia,496,Thresh,84
Stefan,Silver,Lulu,541,Nami,234,Urgot,268
Alonso,Silver,Graves,743,Taric,240,Miss Fortune,494
Nigel,Silver,Fizz,70,Garen,349,Hecarim,393
Elian,Silver,Rammus,133,Xin Zhao,348,Fiora,150
Asa,Silver,Diana,733,Heimerdinger,301,Blitzcrank,292
Zechariah,Silver,Lissandra,622,Ezreal,205,Sion,797
Omarion,Silver,Graves,366,Tristana,184,Corki,282
Anderson,Silver,Fiora,352,Lee Sin,671,Nautilus,396
Gael,Silver,Nidalee,310,Rengar,189,Tahm Kench,277
Judah,Silver,Hecarim,538,Rengar,125,Anivia,485
Derick,Silver,Garen,96,Taric,222,Vi,120
Kamron,Silver,Quinn,614,Corki,402,Nocturne,180
Daquan,Silver,Sion,135,Thresh,761,Shaco,799
Roderick,Silver,Dr. Mundo,75,Syndra,158,Nunu,91
Rowan,Silver,Singed,583,Riven,438,Dr. Mundo,708
Jean,Silver,Bard,372,Olaf,580,Mordekaiser,759
Jair,Silver,Tryndamere,589,Xerath,161,Lee Sin,517
Raphael,Silver,Ekko,497,Skarner,687,Sona,364
Rigoberto,Silver,Brand,380,Draven,159,Master Yi,177
Dillan,Silver,Tahm Kench,729,Alistar,660,Caitlyn,119
Clarence,Silver,Lissandra,95,Kayle,88,Riven,259
Greyson,Silver,Malphite,166,Fiora,27,Quinn,216
Dandre,Silver,Ezreal,555,Taric,778,Zilean,89
Emmett,Silver,Sona,388,Galio,718,Heimerdinger,586
Jaylan,Silver,Wukong,516,Sion,463,Kha'Zix,756
Sheldon,Silver,Leona,730,Gragas,116,Blitzcrank,226
Rory,Silver,Nunu,726,Bard,399,Rengar,299
Dangelo,Silver,Galio,181,Nidalee,748,Zyra,464
Darnell,Silver,Nidalee,329,Annie,148,Vayne,424
Jarred,Silver,Caitlyn,554,Tryndamere,274,Nocturne,675
Garrison,Silver,Vel'Koz,353,Zyra,255,Warwick,145
Camren,Silver,Poppy,330,Caitlyn,464,Bard,170
Kurt,Silver,Hecarim,389,Fizz,701,Kog'Maw,604
Misael,Silver,Ryze,540,Talon,492,Alistar,80
Keagan,Silver,Aatrox,469,Zac,762,Rammus,130
Gianni,Silver,Miss Fortune,587,Anivia,665,Nami,714
Rhett,Silver,Orianna,278,Fiddlesticks,338,Gragas,751
Porter,Silver,Draven,680,Lux,292,Darius,464
Jabari,Silver,Karthus,269,Graves,576,Lissandra,50
Layne,Silver,Lucian,375,Rengar,768,Wukong,348
Brooks,Silver,Dr. Mundo,388,Olaf,76,Garen,335
Armani,Silver,Nunu,476,Tahm Kench,162,Sona,579
Talon,Silver,Xerath,123,Vladimir,766,Gnar,695
Omari,Silver,Nunu,572,Galio,677,Diana,285
Finn,Silver,Jinx,361,Darius,715,Zed,447
Howard,Silver,Hecarim,767,Nidalee,405,Jayce,467
Lamar,Silver,Annie,348,Gangplank,66,Pantheon,604
Josh,Silver,Swain,240,Elise,104,Miss Fortune,601
Clinton,Silver,Darius,443,Fiddlesticks,697,Urgot,522
Donavan,Silver,Hecarim,558,Tahm Kench,793,Karma,403
Justus,Silver,Janna,186,Darius,437,Renekton,613
Anton,Silver,Volibear,166,Ahri,660,Nautilus,603
Ari,Silver,Jax,290,Sivir,469,Kindred,596
Gordon,Silver,Urgot,211,Udyr,259,Nunu,253
Milton,Silver,Maokai,216,Volibear,620,Shaco,183
Draven,Silver,Karma,261,Evelynn,272,Sion,639
Deon,Silver,Lux,756,Brand,373,Janna,108
Jefferson,Silver,Blitzcrank,619,Morgana,651,Swain,725
Demarcus,Silver,Fiddlesticks,82,Miss Fortune,358,Kalista,32
Reynaldo,Silver,Vayne,464,Karthus,281,Trundle,648
Conrad,Silver,Rumble,218,Vladimir,415,Olaf,698
Abram,Silver,Master Yi,185,Pantheon,678,Nidalee,661
Baby,Silver,Urgot,437,Hecarim,317,Rammus,97
Darion,Silver,Kalista,323,Hecarim,454,Volibear,220
German,Silver,Sona,382,Master Yi,448,Yorick,612
Giancarlo,Silver,Garen,61,Lucian,683,Wukong,270
Geoffrey,Silver,Brand,734,Evelynn,556,Hecarim,248
Jovan,Silver,Fiddlesticks,395,Lucian,528,Volibear,609
Santos,Silver,Ashe,439,Nocturne,350,Taric,726
Bernard,Silver,Nasus,406,Rengar,731,Singed,679
Brycen,Silver,Nasus,340,Quinn,117,Master Yi,563
Roland,Silver,Warwick,53,Corki,504,Poppy,791
Heath,Silver,Leona,798,Twitch,529,Corki,149
Brodie,Silver,Leona,199,Swain,287,LeBlanc,414
Savion,Silver,Trundle,745,Ezreal,377,Gragas,335
Brad,Silver,Udyr,20,Darius,42,Yasuo,68
Gideon,Silver,Yorick,220,Skarner,366,Karma,291
Jarrod,Silver,Ezreal,111,Riven,356,Sejuani,241
Tariq,Silver,Rek'Sai,502,Gragas,137,Irelia,66
Jaeden,Silver,Pantheon,295,Lux,780,Kog'Maw,783
Rocco,Silver,Vladimir,139,Vel'Koz,447,Xerath,80
Estevan,Silver,Xin Zhao,704,Shaco,761,Xin Zhao,414
Reagan,Silver,Twisted Fate,714,Singed,226,Thresh,306
Hamza,Silver,Irelia,229,Diana,461,Alistar,414
Zakary,Silver,Karma,112,Gragas,164,Tryndamere,469
Gaven,Silver,Wukong,185,LeBlanc,275,Kog'Maw,391
Travon,Silver,Garen,454,Teemo,343,Ryze,281
Maximillian,Silver,Tryndamere,441,Shyvana,770,Irelia,587
Tylor,Silver,Taric,24,Mordekaiser,434,Ekko,499
Quinten,Silver,Vladimir,598,Udyr,234,Leona,221
Jaren,Silver,Riven,316,Evelynn,31,Twitch,32
Alexzander,Silver,Vladimir,471,Nunu,278,Rek'Sai,774
Amarion,Silver,Olaf,240,Rengar,247,Karthus,114
Frankie,Silver,Tryndamere,538,Warwick,615,Rammus,465
Perry,Silver,Poppy,89,Renekton,629,Kennen,554
Nico,Silver,Jax,724,Alistar,643,Zilean,287
Sincere,Silver,Ashe,739,Rek'Sai,444,Nasus,40
Emerson,Silver,Viktor,370,Sejuani,788,Poppy,126
Alexandro,Silver,Ezreal,399,Swain,555,Kindred,270
Antony,Silver,Lissandra,290,Twitch,423,Thresh,338
Jordy,Silver,Karma,453,Dr. Mundo,588,Pantheon,101
Alessandro,Silver,Dr. Mundo,356,Teemo,469,Nidalee,168
Hassan,Silver,Tryndamere,778,Cho'Gath,463,Tahm Kench,78
Isai,Silver,Kayle,572,Zed,136,Ahri,20
Guadalupe,Silver,Kalista,275,Zac,443,Jinx,344
Xzavier,Silver,Twisted Fate,273,Janna,398,Darius,79
Keyon,Silver,Tahm Kench,744,Kog'Maw,631,Karma,680
Gonzalo,Silver,Diana,718,Urgot,631,Shaco,612
Stephan,Silver,Ryze,226,Xin Zhao,476,Rek'Sai,669
Elmer,Silver,Nocturne,158,Alistar,719,Skarner,466
Norman,Silver,Anivia,554,Cho'Gath,606,Bard,73
Jorden,Silver,Tryndamere,494,Riven,622,Caitlyn,131
Maverick,Silver,Vel'Koz,305,Blitzcrank,278,Rumble,427
Tristian,Silver,Aatrox,387,Nunu,523,Ezreal,739
Chaz,Silver,Shen,316,Zac,122,Sion,697
Denzel,Silver,Nidalee,67,Heimerdinger,575,Zac,175
Braiden,Silver,Ezreal,753,Nautilus,45,Tryndamere,383
Jacoby,Silver,Karthus,207,Lissandra,644,Skarner,764
Clark,Silver,Kennen,93,Taric,640,Ahri,634
Keanu,Silver,Taric,790,Fizz,231,Poppy,23
Darrius,Silver,Morgana,323,Kayle,460,Nautilus,113
Maddox,Silver,Rumble,798,Viktor,177,Katarina,171
Tre,Silver,Thresh,201,Varus,346,Karma,106
Dallin,Silver,Sona,194,Aatrox,483,Orianna,175
Fredrick,Silver,Soraka,585,Trundle,135,Lee Sin,621
Jovani,Silver,Varus,72,Ahri,746,Irelia,702
Leroy,Silver,Skarner,377,Ezreal,559,Master Yi,340
Korey,Silver,Azir,378,Nasus,701,Galio,586
Blaze,Silver,Master Yi,332,Hecarim,375,Singed,190
Cale,Silver,Leona,138,Cassiopeia,414,Tahm Kench,784
Shannon,Silver,Nocturne,666,Bard,616,Tryndamere,242
Winston,Silver,Nasus,486,Gragas,75,Kha'Zix,113
Dexter,Silver,Lucian,117,Poppy,350,Kha'Zix,41
Sammy,Silver,Zilean,637,Amumu,239,Lee Sin,667
Matteo,Silver,LeBlanc,20,Vayne,371,Malzahar,677
Dion,Silver,Caitlyn,527,Sivir,452,Kha'Zix,433
Seamus,Silver,Warwick,227,Warwick,237,Skarner,147
Marcel,Silver,Nocturne,174,Ryze,95,Renekton,102
Braedon,Silver,Gnar,617,Anivia,190,Twisted Fate,673
Stone,Silver,Ezreal,333,Azir,241,Yasuo,427
Alijah,Silver,Anivia,190,Kalista,689,Twisted Fate,508
Dimitri,Silver,Graves,82,Aatrox,564,Cho'Gath,459
Brenton,Silver,Kalista,359,Kha'Zix,21,Nidalee,320
Cordell,Silver,Nautilus,673,Corki,579,Veigar,287
Darin,Silver,Karthus,660,Sion,85,Zilean,445
Clifford,Silver,Sivir,511,Shen,770,Riven,540
Earl,Silver,Master Yi,201,Cassiopeia,139,Malphite,456
Ronaldo,Silver,Jarvan IV,793,Vel'Koz,746,Renekton,184
Deangelo,Silver,Janna,679,Master Yi,217,Veigar,622
Barry,Silver,Caitlyn,177,LeBlanc,387,Aatrox,478
Giovanny,Silver,Yorick,587,Pantheon,753,Kassadin,217
Thaddeus,Silver,Xin Zhao,329,Elise,134,Lee Sin,110
Nestor,Silver,Nami,397,Syndra,254,Nunu,73
Reuben,Silver,Veigar,395,Viktor,352,Zed,730
Samir,Silver,Katarina,685,Xerath,433,Graves,173
Korbin,Silver,Aatrox,635,Morgana,667,Gnar,320
Adonis,Silver,Kha'Zix,87,Rammus,374,Braum,644
Kelton,Silver,Annie,766,Warwick,299,Urgot,133
Alden,Silver,Janna,49,Darius,429,LeBlanc,712
Antwan,Silver,Lee Sin,169,Trundle,359,Urgot,569
Sonny,Silver,Nunu,306,Darius,647,Urgot,91
Nick,Silver,Master Yi,479,Janna,139,Nasus,229
Houston,Silver,Master Yi,595,Ahri,168,Swain,28
Remington,Silver,Viktor,299,Vladimir,764,Poppy,499
Javion,Silver,Zilean,469,Hecarim,203,Orianna,620
Arnold,Silver,Evelynn,299,Shen,470,Azir,597
Destin,Silver,Volibear,273,Mordekaiser,676,Orianna,587
Dylon,Silver,Vladimir,211,Sejuani,102,Lucian,545
Abdullah,Silver,Warwick,599,Kog'Maw,121,Teemo,479
Jan,Silver,Akali,658,Amumu,424,Darius,419
Dario,Silver,Azir,407,Akali,541,Vladimir,49
Lamont,Silver,Blitzcrank,576,Garen,262,Braum,281
Shayne,Silver,Annie,359,Jarvan IV,207,Jarvan IV,511
Adrien,Silver,Cassiopeia,711,Sivir,296,Gnar,600
Deonte,Silver,Kog'Maw,548,Lissandra,70,Hecarim,91
Nathen,Silver,Lee Sin,559,Corki,218,Wukong,40
Luciano,Silver,Zyra,181,Sejuani,154,Varus,32
Blaise,Silver,LeBlanc,647,Caitlyn,23,Nami,374
Kasey,Silver,Rumble,222,Wukong,304,Warwick,405
Keven,Silver,Fiora,340,Kassadin,370,Nunu,627
Bruno,Silver,Volibear,137,Zyra,622,Quinn,327
Lawson,Silver,Akali,475,Olaf,288,Shaco,524
Kian,Silver,Zac,305,Poppy,723,Lux,572
Jamel,Silver,Sion,788,Yasuo,258,Ezreal,695
Cortez,Silver,Draven,254,Lee Sin,781,Garen,568
Cornelius,Silver,Irelia,369,Rek'Sai,545,Kassadin,595
Josef,Silver,Heimerdinger,324,Twitch,80,Xerath,629
Ellis,Silver,Rek'Sai,204,Sivir,125,Viktor,723
Shea,Silver,Yorick,623,Ezreal,180,Shaco,404
Nikhil,Silver,Tahm Kench,344,Talon,579,Fiddlesticks,196
Reilly,Silver,Yorick,76,Ahri,417,Shaco,532
Heriberto,Silver,Viktor,76,Anivia,32,Olaf,250
Stephon,Silver,Shaco,695,Sivir,638,Skarner,267
Jagger,Silver,Tahm Kench,609,Trundle,629,Shyvana,703
Semaj,Silver,Blitzcrank,45,Zed,638,Tristana,646
Vaughn,Silver,Tristana,46,Blitzcrank,549,Caitlyn,492
Jarvis,Silver,Yorick,484,Nautilus,423,Lissandra,655
Marcelo,Silver,Ekko,316,Shaco,584,Xerath,493
Augustus,Silver,Singed,179,Karma,653,Thresh,683
Domenic,Silver,Fiddlesticks,27,Nunu,648,Lux,608
Barrett,Silver,Ryze,306,Nautilus,706,Lee Sin,669
Isaak,Silver,Draven,552,Azir,343,Nasus,152
Ronan,Silver,Lulu,798,Renekton,207,Aatrox,339
London,Silver,Tryndamere,296,Twitch,96,Aatrox,792
Kenyon,Silver,Ahri,238,Ezreal,772,Jarvan IV,301
Raymundo,Silver,Sion,429,Twitch,361,Taric,387
Dwight,Silver,Skarner,729,Jayce,363,Garen,649
Irving,Silver,Sivir,443,Ryze,205,Jax,184
Marquez,Silver,Cassiopeia,409,Jinx,184,Heimerdinger,368
Kylan,Silver,Gangplank,265,Pantheon,107,Nunu,352
Hugh,Silver,Shyvana,548,Poppy,123,Gragas,160
Tyshawn,Silver,Kindred,384,Shaco,759,Lucian,516
Prince,Silver,Mordekaiser,433,Syndra,303,Nunu,349
Gino,Silver,Lucian,363,Zed,59,Malphite,204
Jovany,Silver,Kalista,259,Quinn,319,Viktor,201
Deshaun,Silver,Viktor,500,Corki,98,Nunu,171
Guy,Silver,Skarner,155,Ashe,730,Vi,425
Bernardo,Silver,LeBlanc,207,Olaf,310,Ahri,655
Trever,Silver,Kog'Maw,738,Nami,627,Miss Fortune,59
Efren,Silver,Volibear,513,Udyr,632,Brand,26
Chaim,Silver,Singed,82,Kindred,618,Nami,788
Mikel,Silver,Veigar,205,Ashe,723,Yorick,109
Kale,Silver,Hecarim,511,Corki,425,Volibear,628
Maxim,Silver,Irelia,210,Brand,45,Alistar,767
Paxton,Silver,Veigar,793,Kindred,181,Ezreal,113
Kennedy,Silver,Katarina,292,Vel'Koz,389,Fizz,40
Benny,Silver,Ezreal,764,Kha'Zix,649,Fizz,100
Fidel,Silver,Kennen,569,Kassadin,393,Taric,575
Rahul,Silver,Shaco,255,Garen,603,Nunu,363
Oswaldo,Silver,Yorick,125,Gnar,23,Ekko,714
Gaige,Silver,Poppy,786,Renekton,462,Blitzcrank,431
Bret,Silver,Malzahar,679,Malphite,70,Master Yi,364
Darrin,Silver,Cho'Gath,519,Sona,301,Ashe,22
Stuart,Silver,Talon,175,Soraka,577,Sejuani,547
Trevion,Silver,Kennen,60,Swain,627,Hecarim,119
Gavyn,Silver,Dr. Mundo,174,Vladimir,782,Janna,790
Samson,Silver,Twitch,195,Nunu,114,Shaco,727
Carlo,Silver,Poppy,30,Pantheon,679,Kindred,214
Bo,Silver,Jarvan IV,540,Udyr,473,Nunu,699
Nash,Silver,Lulu,526,Shaco,766,Xerath,274
Khalid,Silver,Alistar,240,Evelynn,382,Swain,508
Forrest,Silver,Ezreal,162,Syndra,621,Fiora,751
Austen,Silver,Vi,737,Sejuani,168,Varus,153
Kurtis,Silver,Ashe,345,Ekko,739,Zed,58
Vance,Silver,Hecarim,375,Lee Sin,707,Jarvan IV,624
Latrell,Silver,Gangplank,408,Tahm Kench,413,Yasuo,789
Milo,Silver,Gnar,740,Sivir,274,Darius,162
Rey,Silver,Tryndamere,303,Zyra,180,LeBlanc,651
Pranav,Silver,Fizz,315,Twisted Fate,344,Vel'Koz,435
Arjun,Silver,Kog'Maw,83,Lucian,268,Talon,547
Jakobe,Silver,Lux,485,LeBlanc,467,Blitzcrank,67
Daryl,Silver,Bard,759,Volibear,513,LeBlanc,734
Cristobal,Silver,Orianna,162,Riven,604,Master Yi,20
Darwin,Silver,Malzahar,628,Hecarim,694,Vel'Koz,461
Jadyn,Silver,Hecarim,432,Kindred,521,Fiddlesticks,274
Kory,Silver,Miss Fortune,104,Kayle,196,Master Yi,383
Haden,Silver,Viktor,275,Talon,432,Jax,763
Clifton,Silver,Nautilus,513,Caitlyn,134,Caitlyn,723
Shemar,Silver,Soraka,156,Jarvan IV,184,Jax,34
Rylee,Silver,Vayne,92,Cassiopeia,614,Gnar,346
Zaire,Silver,Wukong,533,Kindred,758,Nunu,536
Kent,Silver,Thresh,605,Udyr,574,Soraka,159
Glen,Silver,Syndra,711,Cassiopeia,720,Galio,296
Jamarion,Silver,Yasuo,267,Twitch,593,Yorick,325
Aryan,Silver,Janna,731,Trundle,72,Zilean,519
Ean,Silver,Wukong,621,Kindred,637,Yorick,446
Zain,Silver,Cassiopeia,658,Jinx,71,Leona,355
Simeon,Silver,Ryze,610,Tryndamere,682,Twisted Fate,598
Justyn,Silver,Olaf,659,Swain,196,Vladimir,639
Syed,Silver,Shen,255,Xerath,490,Twitch,180
Turner,Silver,Xerath,620,Zyra,337,Leona,548
Waylon,Silver,Zac,223,Nocturne,609,Xin Zhao,419
Jamil,Silver,Skarner,466,Tryndamere,531,Volibear,276
Layton,Silver,Mordekaiser,136,Lee Sin,527,Zed,608
Yosef,Silver,Elise,496,Kindred,699,Lucian,424
Sabastian,Silver,Karthus,273,Sejuani,754,Evelynn,590
Vernon,Silver,Zilean,225,Volibear,748,Sivir,188
Andreas,Silver,Xerath,657,Skarner,139,Kennen,666
Aditya,Silver,Renekton,662,Nasus,735,Talon,137
Darrion,Silver,Nunu,68,Irelia,459,Veigar,747
Jamir,Silver,Jax,180,Blitzcrank,585,Pantheon,786
Jovanni,Silver,Fizz,727,Urgot,224,Caitlyn,137
Jevon,Silver,Fiddlesticks,785,Kindred,332,Gangplank,757
Zavier,Silver,Veigar,290,Elise,453,Quinn,242
Niko,Silver,Lee Sin,127,Cassiopeia,695,Mordekaiser,503
Jase,Silver,Xerath,307,Swain,431,Maokai,715
Pierre,Silver,Karma,342,Irelia,167,Rengar,467
Valentin,Silver,Shen,436,Vi,569,Varus,734
Freddie,Silver,Miss Fortune,581,Fiora,505,Nautilus,690
Gannon,Silver,Rek'Sai,268,Lissandra,785,Karthus,372
Ulysses,Silver,Elise,770,Heimerdinger,538,Heimerdinger,740
Austyn,Silver,Corki,630,Fiora,572,Thresh,356
Santino,Silver,Mordekaiser,54,Fiora,770,Yorick,42
Carlton,Silver,Warwick,638,Irelia,784,Warwick,204
Adriel,Silver,Urgot,754,Vayne,707,Talon,146
Malakai,Silver,Lux,353,Xin Zhao,519,Katarina,751
Marques,Silver,Udyr,216,Kindred,101,Yasuo,70
Colt,Silver,Talon,688,Cho'Gath,462,Graves,109
Jahiem,Silver,Alistar,372,Annie,482,Taric,450
Joan,Silver,Anivia,280,Jayce,189,Janna,364
Cael,Silver,Elise,143,Poppy,599,Karthus,526
Bradyn,Silver,Vayne,159,Corki,101,Cassiopeia,230
Mitchel,Silver,Riven,697,Mordekaiser,181,Jayce,484
Cason,Silver,Nautilus,472,Soraka,399,Heimerdinger,676
Devante,Silver,Tryndamere,445,Brand,515,Malzahar,722
Garett,Silver,Diana,564,Irelia,528,Ezreal,679
Ethen,Silver,Fiddlesticks,749,Gangplank,262,Kog'Maw,287
Kelly,Silver,Nidalee,279,Trundle,186,Vel'Koz,294
Treyton,Silver,Brand,708,Ahri,454,Nautilus,109
Lonnie,Silver,Irelia,344,Brand,211,Sona,278
Aydan,Silver,Zilean,322,Pantheon,357,Azir,454
Terence,Silver,Nami,527,Fiora,121,Twisted Fate,479
Duane,Silver,Pantheon,351,Katarina,137,Quinn,125
Javen,Silver,Volibear,493,Fizz,262,Morgana,630
Don,Silver,Vel'Koz,771,Fiora,461,Olaf,620
Zack,Silver,Pantheon,294,Singed,410,Twitch,515
Kirk,Silver,Janna,788,Cho'Gath,775,Malphite,301
Jovanny,Silver,Diana,391,Teemo,434,Volibear,79
Fred,Silver,Kalista,693,Akali,382,Evelynn,461
Aubrey,Silver,Nasus,487,Nasus,512,Udyr,158
Eliseo,Silver,Xerath,729,Shen,605,Karthus,162
Kristofer,Silver,Darius,749,Nautilus,275,Jax,170
Rickey,Silver,Garen,706,Orianna,788,Braum,681
Neal,Silver,LeBlanc,619,Zac,704,Lucian,633
Yair,Silver,Twitch,241,Hecarim,790,Lucian,109
Jordyn,Silver,Singed,788,Gangplank,731,Zilean,462
Sullivan,Silver,Lucian,374,Jax,773,Cassiopeia,694
Raven,Silver,Rumble,144,Malzahar,562,Karthus,354
Immanuel,Silver,Vladimir,742,Nunu,600,Alistar,693
Trystan,Silver,Malphite,472,Gragas,545,Xin Zhao,699
Ryley,Silver,Rumble,433,Kalista,673,Miss Fortune,34
Bronson,Silver,Shyvana,281,Trundle,172,Fiora,555
Kanye,Silver,Miss Fortune,458,Orianna,299,Skarner,665
Lloyd,Silver,Warwick,63,Karthus,786,Amumu,387
Jeff,Silver,Kog'Maw,756,Syndra,264,Lee Sin,89
Damarion,Silver,Lux,678,Sion,729,Nasus,456
Yusuf,Silver,Sion,636,Orianna,185,Kalista,489
Mariano,Silver,Pantheon,149,Tristana,450,Udyr,116
Fletcher,Silver,Taric,796,Olaf,666,Kindred,279
Benito,Silver,Katarina,115,Sejuani,41,LeBlanc,69
Rocky,Silver,Aatrox,366,Galio,500,Galio,439
Giovani,Silver,Vayne,282,Orianna,230,Amumu,470
Kyree,Silver,Katarina,91,Alistar,483,Sejuani,686
Emily,Silver,Evelynn,546,Ryze,388,Miss Fortune,39
Madison,Silver,Alistar,235,Sona,673,Fiora,557
Hannah,Silver,Kalista,355,Amumu,535,Karma,729
Emma,Silver,Vladimir,394,Aatrox,640,Syndra,235
Ashley,Silver,Fiddlesticks,173,Jinx,82,Galio,71
Alexis,Silver,Draven,548,Tryndamere,504,Kassadin,519
Samantha,Silver,Azir,591,Aatrox,708,Caitlyn,592
Sarah,Silver,Udyr,272,Corki,402,Singed,622
Abigail,Silver,Yorick,763,Rumble,798,Leona,585
Olivia,Silver,Twitch,420,Trundle,204,Xerath,769
Elizabeth,Silver,Jarvan IV,348,Fiddlesticks,371,Ekko,341
Alyssa,Silver,Xin Zhao,565,Nami,380,Twitch,268
Jessica,Silver,Karthus,550,Kog'Maw,582,Katarina,220
Grace,Silver,Yasuo,58,Annie,80,Garen,741
Lauren,Silver,Xin Zhao,524,Teemo,201,Corki,291
Taylor,Silver,Sejuani,78,Nasus,157,Wukong,111
Kayla,Silver,Kassadin,572,Lee Sin,462,Yorick,308
Brianna,Silver,Gangplank,474,Shaco,89,Renekton,395
Isabella,Silver,Malzahar,631,Jarvan IV,685,Gragas,363
Anna,Silver,Akali,538,Nasus,124,Fizz,133
Victoria,Silver,Nasus,573,Varus,757,Amumu,63
Sydney,Silver,Olaf,489,Ahri,467,Vayne,682
Megan,Silver,Shen,479,Thresh,210,Zilean,671
Rachel,Silver,Caitlyn,774,Urgot,608,Katarina,488
Jasmine,Silver,Fiddlesticks,732,Dr. Mundo,470,Akali,49
Natalie,Silver,Zed,60,Jarvan IV,438,Aatrox,689
Sophia,Silver,Xerath,35,Jinx,673,Teemo,231
Chloe,Silver,Lux,491,Tryndamere,396,Galio,498
Morgan,Silver,Ryze,93,Nidalee,613,Ryze,105
Hailey,Silver,Sion,459,Vladimir,65,Zac,368
Jennifer,Silver,Caitlyn,165,Shen,479,Zac,293
Destiny,Silver,Sion,220,Morgana,791,Sejuani,263
Julia,Silver,Ekko,444,Sona,748,Kennen,302
Kaitlyn,Silver,Sona,571,Ekko,472,Brand,794
Haley,Silver,Volibear,116,Janna,240,Rumble,401
Katherine,Silver,Thresh,90,Ezreal,744,Nunu,682
Nicole,Silver,Udyr,642,Twisted Fate,514,Sion,704
Alexandra,Silver,Swain,521,Brand,231,Rammus,126
Savannah,Silver,Master Yi,726,Xin Zhao,186,Cassiopeia,436
Maria,Silver,Varus,353,Ekko,21,Kalista,360
Amanda,Silver,Veigar,187,Veigar,767,Pantheon,131
Mackenzie,Silver,Elise,610,Fizz,468,Janna,767
Stephanie,Silver,Shyvana,468,Draven,609,Tahm Kench,510
Allison,Silver,Varus,627,Draven,677,Azir,457
Mia,Silver,Fiora,418,Sejuani,290,Malphite,92
Brooke,Silver,Swain,499,Quinn,628,Twisted Fate,454
Jordan,Silver,Miss Fortune,339,Malphite,264,Shen,620
Jenna,Silver,Cho'Gath,438,Twitch,267,Thresh,106
Rebecca,Silver,Jarvan IV,437,Ekko,101,Dr. Mundo,582
Mary,Silver,Nami,791,Nocturne,130,Yasuo,263
Makayla,Silver,Alistar,485,Warwick,427,Warwick,50
Faith,Silver,Elise,421,Kha'Zix,266,Taric,518
Andrea,Silver,Brand,542,Ahri,331,Rumble,30
Katelyn,Silver,Cho'Gath,273,Renekton,202,Sona,478
Paige,Silver,LeBlanc,765,Tryndamere,451,Vladimir,708
Madeline,Silver,Talon,420,Anivia,237,Ezreal,636
Gabrielle,Silver,Vi,536,Kha'Zix,60,Cassiopeia,715
Michelle,Silver,Brand,563,Renekton,694,Hecarim,235
Kaylee,Silver,Fiora,147,Malzahar,737,Cassiopeia,791
Sara,Silver,Lissandra,110,Riven,305,Xin Zhao,439
Kimberly,Silver,Graves,698,Darius,46,Heimerdinger,453
Amber,Silver,Nunu,312,Orianna,432,Akali,711
Trinity,Silver,Lux,694,Garen,588,Rengar,570
Zoe,Silver,Janna,607,Lucian,30,Vayne,771
Caroline,Silver,Morgana,360,Maokai,644,Karma,392
Sierra,Silver,Volibear,310,LeBlanc,237,Jayce,686
Ava,Silver,Varus,635,Evelynn,589,Nasus,185
Vanessa,Silver,Kassadin,124,Mordekaiser,462,Lee Sin,533
Kylie,Silver,Malzahar,130,Gragas,401,Anivia,673
Danielle,Silver,Sion,648,Skarner,143,Talon,537
Erin,Silver,Azir,259,Wukong,275,Tryndamere,575
Alexa,Silver,Olaf,305,Sivir,115,Amumu,739
Ella,Silver,Jayce,781,Draven,30,Garen,798
Autumn,Silver,Renekton,406,Azir,619,Maokai,128
Jacqueline,Silver,Corki,777,Cassiopeia,690,Rengar,167
Lily,Silver,Nocturne,22,Diana,761,Riven,418
Jada,Silver,Lee Sin,35,Taric,268,Graves,386
Bailey,Silver,Karma,281,Nunu,282,Vel'Koz,275
Shelby,Silver,Blitzcrank,511,Kassadin,747,Olaf,314
Melissa,Silver,Ahri,22,Nidalee,164,Blitzcrank,352
Gabriella,Silver,Aatrox,468,Wukong,274,Orianna,376
Courtney,Silver,Azir,75,Varus,249,Mordekaiser,80
Leah,Silver,Urgot,53,Jax,266,Aatrox,700
Riley,Silver,Annie,591,Sona,295,Jax,684
Marissa,Silver,Tahm Kench,580,Teemo,635,Amumu,586
Angelina,Silver,Jarvan IV,171,Kassadin,702,Riven,640
Isabel,Silver,Lux,474,Miss Fortune,129,Nasus,412
Leslie,Silver,Annie,750,Hecarim,665,Malzahar,192
Angela,Silver,Bard,57,Brand,257,Twisted Fate,382
Ariana,Silver,Jax,384,Lux,113,Caitlyn,391
Claire,Silver,Udyr,274,Trundle,712,Urgot,353
Lillian,Silver,Renekton,152,Maokai,701,Fizz,623
Christina,Silver,Cho'Gath,134,Taric,298,Draven,652
Catherine,Silver,LeBlanc,170,Nasus,455,Graves,131
Maya,Silver,Wukong,79,Evelynn,74,Shaco,122
Audrey,Silver,Renekton,342,Karthus,616,Garen,437
Aaliyah,Silver,Gnar,38,Volibear,200,Blitzcrank,35
Molly,Silver,Darius,441,Xerath,452,Nocturne,80
Jocelyn,Silver,Lucian,684,Ashe,180,Nasus,416
Breanna,Silver,Darius,474,Kha'Zix,459,Zyra,216
Melanie,Silver,Vel'Koz,670,Shaco,660,Cho'Gath,424
Mariah,Silver,Zyra,775,Thresh,542,Jayce,665
Jade,Silver,Nunu,639,Evelynn,294,Skarner,91
Katie,Silver,Maokai,175,Orianna,704,LeBlanc,390
Briana,Silver,Twisted Fate,85,Caitlyn,654,Malphite,516
Arianna,Silver,Blitzcrank,743,Vi,619,Diana,499
Diana,Silver,Vi,667,Xin Zhao,35,Irelia,201
Evelyn,Silver,LeBlanc,591,Volibear,313,Singed,292
Kathryn,Silver,Jax,531,Pantheon,153,Zilean,735
Laura,Silver,Urgot,163,Karthus,368,Lissandra,398
Alexandria,Silver,Karma,387,Nautilus,633,Zac,797
Sofia,Silver,Orianna,777,Bard,119,Braum,168
Amy,Silver,Vladimir,85,Jayce,510,Renekton,394
Gabriela,Silver,Nocturne,457,Shen,766,Zilean,473
Caitlin,Silver,Evelynn,63,Talon,279,Zed,557
Kelsey,Silver,Malphite,787,Lux,483,Morgana,588
Isabelle,Silver,Malphite,514,Zilean,273,Diana,422
Angel,Silver,Talon,751,Kayle,789,Teemo,517
Madelyn,Silver,Diana,661,Janna,340,Yasuo,424
Avery,Silver,Viktor,25,Cho'Gath,144,Vi,499
Lindsey,Silver,Ryze,213,Evelynn,722,Sejuani,33
Kelly,Silver,Urgot,252,Soraka,425,Talon,707
Margaret,Silver,Nunu,328,Sion,756,Vayne,124
Cheyenne,Silver,Braum,631,Katarina,406,Volibear,446
Sabrina,Silver,Singed,374,Darius,55,Gangplank,220
Mikayla,Silver,Veigar,681,Shyvana,714,Akali,542
Adriana,Silver,Shyvana,504,Riven,106,Nidalee,193
Alicia,Silver,Kassadin,64,Olaf,644,Tahm Kench,715
Cassandra,Silver,Caitlyn,449,Fizz,541,Sona,367
Daniela,Silver,Teemo,149,Fizz,166,Nautilus,445
Cassidy,Silver,Shen,206,Rammus,76,LeBlanc,343
Jillian,Silver,Blitzcrank,460,Morgana,138,Corki,619
Kennedy,Silver,Teemo,238,Akali,281,Nasus,779
Brittany,Silver,Master Yi,132,Kha'Zix,656,Twisted Fate,304
Miranda,Silver,Kog'Maw,503,Elise,273,Ekko,413
Tiffany,Silver,Syndra,160,Karthus,326,Twisted Fate,608
Ana,Silver,Zyra,343,Morgana,712,Zac,97
Lydia,Silver,Lucian,788,Shen,582,Jarvan IV,746
Erica,Silver,Dr. Mundo,373,Janna,359,Sivir,414
Mya,Silver,Pantheon,454,Ashe,220,Twisted Fate,344
Brooklyn,Silver,Corki,488,Akali,392,Zac,589
Amelia,Silver,Jax,709,Shaco,81,Katarina,496
Alexia,Silver,Gragas,240,Swain,418,Graves,172
Daisy,Silver,Syndra,307,Ezreal,121,Malzahar,778
Mckenzie,Silver,Tryndamere,58,Gangplank,217,Ryze,477
Caitlyn,Silver,Gragas,469,Miss Fortune,752,Jinx,480
Skylar,Silver,Amumu,337,Nami,774,Cassiopeia,624
Summer,Silver,Maokai,288,Syndra,190,Fiddlesticks,187
Angelica,Silver,Kog'Maw,240,Fizz,729,Dr. Mundo,529
Crystal,Silver,Vi,553,Kayle,523,Zac,734
Sophie,Silver,Xerath,496,Blitzcrank,125,Kalista,601
Karen,Silver,Nocturne,725,Varus,124,Trundle,788
Gracie,Silver,Draven,411,Ashe,496,Singed,124
Ashlyn,Silver,Jinx,631,Bard,133,Jarvan IV,178
Kiara,Silver,Kog'Maw,133,Maokai,428,Akali,172
Erika,Silver,Rumble,326,Vayne,647,Zilean,75
Hope,Silver,Pantheon,81,Zyra,525,Kennen,188
Gianna,Silver,Xin Zhao,250,Skarner,574,Brand,469
Bianca,Silver,Cassiopeia,200,Fiddlesticks,47,Corki,473
Heather,Silver,Rumble,57,Galio,402,Kha'Zix,159
Veronica,Silver,Riven,255,Irelia,741,Syndra,394
Valerie,Silver,Trundle,448,Fiora,551,Talon,441
Chelsea,Silver,Ekko,594,Katarina,181,Braum,722
Natalia,Silver,Maokai,344,Rumble,92,Ashe,460
Kylee,Silver,Kayle,489,Gangplank,547,Kennen,108
Karina,Silver,Xin Zhao,92,Lucian,201,Jinx,378
Alondra,Silver,Lissandra,646,Gangplank,472,Rumble,780
Naomi,Silver,Taric,67,Blitzcrank,530,Shen,447
Jordyn,Silver,Karthus,696,Galio,251,Syndra,527
Jamie,Silver,Shyvana,311,Ekko,453,Kha'Zix,315
Meghan,Silver,Renekton,690,Hecarim,153,Gragas,627
Peyton,Silver,Gragas,249,Zilean,612,Pantheon,606
Abby,Silver,Janna,359,Malphite,250,Garen,433
Payton,Silver,Vel'Koz,87,Gangplank,777,Zyra,360
Juliana,Silver,Renekton,33,Janna,413,Gragas,674
Kendall,Silver,Annie,144,Rek'Sai,332,Tristana,65
Bethany,Silver,Quinn,587,Aatrox,40,Nidalee,111
Carly,Silver,Janna,767,Fizz,267,Blitzcrank,139
Cynthia,Silver,Rammus,618,Tristana,557,Ashe,554
Kate,Silver,Yasuo,416,Morgana,617,Brand,383
Hayley,Silver,Darius,39,Rengar,121,Urgot,111
Delaney,Silver,Irelia,618,Caitlyn,422,Poppy,131
Kristen,Silver,Trundle,406,Katarina,601,Warwick,179
Jasmin,Silver,Teemo,46,Twisted Fate,684,Jax,746
Monica,Silver,Draven,590,Zyra,395,Viktor,303
Karla,Silver,Kha'Zix,104,Skarner,105,Caitlyn,139
Alejandra,Silver,Ahri,611,Tryndamere,661,Orianna,742
Mckenna,Silver,Skarner,334,Lee Sin,292,Nunu,797
Shannon,Silver,Kog'Maw,391,Kalista,60,Syndra,130
Maggie,Silver,Trundle,230,Kassadin,251,Braum,449
Rylee,Silver,Wukong,351,Lulu,356,Miss Fortune,638
Kyla,Silver,Sejuani,686,Jinx,139,Jinx,604
Nevaeh,Silver,Malphite,467,Malphite,515,Diana,193
Valeria,Silver,Shyvana,556,Dr. Mundo,210,Master Yi,646
Hanna,Silver,Evelynn,118,Karma,177,Vladimir,286
Brenda,Silver,Fiddlesticks,664,Syndra,98,Tahm Kench,215
Julianna,Silver,Wukong,498,Soraka,445,Jax,720
Diamond,Silver,Anivia,752,Zed,769,Wukong,65
Michaela,Silver,Xin Zhao,67,LeBlanc,62,Maokai,740
Reagan,Silver,Annie,574,Jayce,236,Anivia,793
Aubrey,Silver,Malphite,326,Corki,615,Dr. Mundo,59
Esmeralda,Silver,Dr. Mundo,593,Lissandra,644,Mordekaiser,797
Makenzie,Silver,Nautilus,417,Mordekaiser,461,Nidalee,262
Giselle,Silver,Darius,258,Thresh,254,Heimerdinger,361
Jazmin,Silver,Vi,28,Renekton,380,LeBlanc,693
Rebekah,Silver,Jarvan IV,609,Shyvana,739,Cho'Gath,144
Ariel,Silver,Zyra,499,Gragas,581,Poppy,443
Ruby,Silver,Sivir,311,Tristana,797,Nami,110
Desiree,Silver,Alistar,760,Skarner,734,Lux,21
Lizbeth,Silver,Jinx,335,Renekton,77,Ahri,140
Charlotte,Silver,Cho'Gath,439,Dr. Mundo,798,Sejuani,556
Sadie,Silver,Jax,586,Blitzcrank,697,Veigar,27
Kaitlin,Silver,Warwick,514,Azir,502,Janna,622
Adrianna,Silver,Poppy,270,Ekko,67,Yorick,712
Kyra,Silver,Warwick,554,Tahm Kench,152,Jayce,736
Jayla,Silver,Jinx,617,Brand,228,Kennen,657
Genesis,Silver,Amumu,373,Udyr,392,Sivir,595
Alana,Silver,Shen,766,Teemo,82,Veigar,279
Addison,Silver,Fiddlesticks,669,Kassadin,244,Vladimir,88
Mallory,Silver,Miss Fortune,268,Vayne,643,Jinx,267
Britney,Silver,Volibear,349,Sona,153,Fiora,317
Nadia,Silver,Xin Zhao,125,Akali,384,Anivia,219
Amaya,Silver,Swain,529,Thresh,709,Ashe,670
Kara,Silver,Kalista,428,Graves,138,Nautilus,471
Elena,Silver,Tryndamere,56,Nidalee,49,Swain,108
Julie,Silver,Singed,499,Nasus,752,Xerath,100
Camryn,Silver,Caitlyn,587,Akali,498,Amumu,791
Lindsay,Silver,Alistar,125,Janna,737,Singed,202
Kendra,Silver,Trundle,385,Alistar,554,Tryndamere,570
Macy,Silver,Urgot,337,Lulu,756,Sion,698
Aliyah,Silver,Wukong,521,Pantheon,110,Shen,306
Claudia,Silver,Fizz,301,Karma,203,LeBlanc,504
Alison,Silver,Janna,508,Nasus,701,Yasuo,729
Ellie,Silver,Azir,386,Singed,765,Aatrox,380
Elise,Silver,Tahm Kench,272,Kog'Maw,342,Vayne,355
Holly,Silver,Fizz,221,Malphite,499,Varus,107
Eva,Silver,Lulu,461,Karma,415,Teemo,105
Selena,Silver,Pantheon,478,Wukong,245,Darius,602
Joanna,Silver,Shyvana,340,Veigar,591,Miss Fortune,502
Jazmine,Silver,Dr. Mundo,271,Zyra,250,Brand,422
Raven,Silver,Yorick,516,Xerath,160,Vayne,198
Savanna,Silver,Kassadin,534,Zilean,186,Vladimir,650
Nina,Silver,Soraka,429,Annie,648,Ekko,760
Haylee,Silver,Rumble,322,Evelynn,51,Maokai,765
Makenna,Silver,Gragas,320,Ekko,323,Tryndamere,434
Mariana,Silver,Lux,147,Bard,711,Shen,718
Fatima,Silver,Morgana,305,Swain,433,Zac,171
Allyson,Silver,Quinn,97,Garen,371,Karma,626
Asia,Silver,Xerath,781,Zilean,660,Warwick,281
Guadalupe,Silver,Zyra,115,Rek'Sai,597,Tahm Kench,150
Katelynn,Silver,Talon,188,Rek'Sai,260,Kalista,325
Cameron,Silver,Hecarim,508,Draven,21,Blitzcrank,173
Nancy,Silver,Kog'Maw,627,Volibear,688,Azir,106
Serena,Silver,Kindred,502,Rengar,507,Brand,513
Layla,Silver,Shyvana,142,Master Yi,256,Thresh,721
Vivian,Silver,Lucian,43,Lux,60,Nautilus,638
Lucy,Silver,Jinx,451,Aatrox,547,Yorick,158
April,Silver,Kassadin,372,Katarina,116,Swain,347
Liliana,Silver,Zac,194,Nunu,186,Heimerdinger,487
Kathleen,Silver,Lulu,712,Urgot,527,Shyvana,314
Camille,Silver,Rengar,303,Quinn,784,Tristana,331
Brittney,Silver,Lulu,150,Lux,425,Thresh,618
Josephine,Silver,Riven,74,Trundle,680,Bard,328
Katrina,Silver,Malzahar,38,Rammus,388,Urgot,260
Carmen,Silver,Soraka,780,Sejuani,705,Xerath,349
Cierra,Silver,Katarina,419,Kog'Maw,454,Evelynn,268
Kailey,Silver,Graves,626,Riven,332,Ryze,658
Sandra,Silver,Tahm Kench,513,Galio,79,Fizz,448
Carolina,Silver,Xerath,235,Volibear,586,Sivir,248
Celeste,Silver,Aatrox,270,Miss Fortune,45,Morgana,722
Cindy,Silver,Ekko,322,Garen,479,Riven,374
Tatiana,Silver,Nocturne,651,Morgana,88,Jayce,190
Kristina,Silver,Tryndamere,50,Lulu,764,Tryndamere,66
Jaden,Silver,Varus,464,Xin Zhao,482,Sivir,685
Kirsten,Silver,Urgot,720,Singed,570,Lee Sin,131
Cecilia,Silver,Bard,380,Ezreal,310,Ryze,687
Zoey,Silver,Soraka,130,Azir,537,Cho'Gath,208
Skyler,Silver,Urgot,798,Maokai,241,Nami,733
Patricia,Silver,Amumu,116,Rek'Sai,467,Xerath,97
Serenity,Silver,Singed,796,Olaf,608,Nunu,176
Casey,Silver,Amumu,290,Maokai,543,Sion,111
Yesenia,Silver,Shaco,51,Orianna,115,Talon,607
Tessa,Silver,Nidalee,204,Diana,326,Kassadin,692
Wendy,Silver,Braum,533,Lissandra,522,Ryze,237
Kira,Silver,Karma,430,Poppy,418,Cassiopeia,609
Anastasia,Silver,Leona,666,Trundle,647,Rumble,612
Rachael,Silver,Lissandra,30,Xin Zhao,590,Vladimir,447
Miriam,Silver,Udyr,137,Jax,754,Kayle,711
Heaven,Silver,Azir,154,Mordekaiser,146,Rek'Sai,465
Christine,Silver,Fiddlesticks,544,Singed,548,Skarner,523
Bridget,Silver,Katarina,233,Gangplank,190,Akali,763
Tara,Silver,Nautilus,464,Vladimir,465,Blitzcrank,684
Priscilla,Silver,Sona,202,Corki,782,Kog'Maw,487
Alaina,Silver,Teemo,516,Rengar,679,Trundle,762
Tori,Silver,Kalista,231,Yasuo,418,Singed,473
Kassandra,Silver,Cho'Gath,553,Orianna,213,Janna,230
Alissa,Silver,Nunu,179,Nunu,775,Nami,436
Natasha,Silver,Swain,174,Nami,544,Kog'Maw,412
Madeleine,Silver,Thresh,26,Yorick,273,Jinx,261
Mercedes,Silver,Olaf,347,Elise,61,Riven,644
Josie,Silver,Amumu,583,Morgana,497,Fizz,789
Lauryn,Silver,Galio,632,Karma,207,Lissandra,559
Esther,Silver,Pantheon,423,Fizz,700,Kog'Maw,544
Jayden,Silver,Udyr,627,Katarina,515,Annie,776
Lilly,Silver,Draven,660,Maokai,468,Lux,721
Dakota,Silver,Dr. Mundo,730,Rengar,263,Urgot,323
Paris,Silver,Nautilus,458,Caitlyn,29,Rek'Sai,49
Kayleigh,Silver,Evelynn,794,Morgana,745,Swain,777
Clara,Silver,Braum,315,Ashe,567,Swain,421
Sidney,Silver,Mordekaiser,328,Teemo,757,Kalista,358
Kiana,Silver,Nautilus,470,Syndra,240,Vladimir,76
Nayeli,Silver,Pantheon,330,Lee Sin,564,Lissandra,789
Shayla,Silver,Yasuo,590,Nunu,730,Zilean,214
Brenna,Silver,Jayce,744,Warwick,664,Lee Sin,785
Paola,Silver,Shen,384,Veigar,766,Amumu,414
Alexus,Silver,Renekton,352,Irelia,512,Ahri,53
Marisa,Silver,Fiora,496,Poppy,542,Twitch,56
Melody,Silver,Hecarim,670,Brand,661,Singed,729
Imani,Silver,Katarina,633,Graves,36,Nocturne,301
Denise,Silver,Amumu,405,Kalista,116,Vladimir,159
Nia,Silver,Twitch,620,Shyvana,629,Dr. Mundo,352
Emilee,Silver,Sion,448,Kassadin,747,Tristana,121
Ciara,Silver,Nunu,135,Corki,286,Leona,78
Logan,Silver,Diana,539,Zyra,285,Fiora,441
Rose,Silver,Trundle,664,Trundle,287,Zyra,160
Ashanti,Silver,Vayne,473,Tryndamere,202,Lee Sin,463
Meredith,Silver,Irelia,662,Miss Fortune,189,Lissandra,482
Annie,Silver,Kog'Maw,463,Rek'Sai,412,Cassiopeia,494
Ashlee,Silver,Lux,577,Amumu,742,Taric,492
Bryanna,Silver,Xerath,739,Dr. Mundo,146,Jinx,412
Callie,Silver,Trundle,263,Draven,640,Garen,313
Kamryn,Silver,Lux,494,Gragas,138,Olaf,250
Eleanor,Silver,Pantheon,292,Xerath,351,Vayne,749
Anne,Silver,Twisted Fate,261,Taric,125,Tristana,715
Heidi,Silver,Sejuani,377,Pantheon,473,Jarvan IV,611
Ashlynn,Silver,Teemo,690,Yorick,311,Anivia,254
Ashleigh,Silver,Rumble,791,Ashe,732,Twitch,586
Annabelle,Silver,Zed,748,Brand,292,Teemo,769
Ruth,Silver,Kalista,376,Leona,781,Anivia,121
Clarissa,Silver,Warwick,259,Katarina,241,Sivir,294
Daniella,Silver,Morgana,281,Shen,426,Syndra,646
Julissa,Silver,Talon,604,Vayne,669,Kalista,413
Dominique,Silver,Katarina,105,Azir,633,Leona,408
Laila,Silver,Poppy,292,Taric,716,Nami,696
Annika,Silver,Morgana,497,Gnar,251,Ahri,729
Allie,Silver,Shen,144,Akali,709,Riven,798
Dana,Silver,Galio,491,Taric,404,Riven,32
Kassidy,Silver,Irelia,72,Gnar,92,Nautilus,668
Lisa,Silver,Sion,759,Ekko,755,Volibear,752
Eliza,Silver,Gragas,338,Rek'Sai,153,Jinx,220
Harley,Silver,Amumu,215,Akali,224,Ahri,249
Rosa,Silver,Warwick,330,Riven,562,Jinx,243
Whitney,Silver,Singed,411,Braum,585,Xerath,304
Helen,Silver,Quinn,267,Yorick,93,Gangplank,302
Hallie,Silver,Varus,720,Caitlyn,385,Yasuo,194
Cristina,Silver,Karthus,698,Zed,242,Akali,697
Shania,Silver,Xerath,77,Braum,362,Nidalee,482
Anahi,Silver,Braum,84,Lulu,406,Graves,381
Kaylie,Silver,Caitlyn,83,Sona,125,Vi,260
Marina,Silver,Riven,510,Jarvan IV,616,Zac,582
Talia,Silver,Kog'Maw,451,Azir,429,Poppy,102
Kristin,Silver,Gragas,314,Jarvan IV,58,Lissandra,710
Jadyn,Silver,Riven,45,Kayle,663,Azir,90
Carolyn,Silver,Alistar,299,Jinx,687,Nocturne,642
Alayna,Silver,Lissandra,499,Nidalee,399,Veigar,747
Deanna,Silver,Zed,196,Swain,221,Kalista,323
Georgia,Silver,Soraka,754,Morgana,495,Rumble,634
India,Silver,Leona,375,Gragas,742,Caitlyn,29
Yasmin,Silver,Fizz,458,Orianna,439,Urgot,629
Tabitha,Silver,Kayle,24,Twisted Fate,638,Wukong,320
Elisabeth,Silver,Evelynn,361,Nautilus,306,Gangplank,216
Fiona,Gold,Sejuani,676,Shyvana,68,Malzahar,410
Piper,Gold,Garen,637,Ahri,519,Rumble,316
Tiana,Gold,Nautilus,697,Draven,410,Quinn,560
Ivy,Gold,Aatrox,506,Syndra,376,Lee Sin,241
Aniya,Gold,Brand,116,Dr. Mundo,113,Brand,563
Halle,Gold,Syndra,656,Karma,521,Evelynn,122
Raquel,Gold,Urgot,245,Teemo,700,Wukong,27
Teresa,Gold,Vi,673,Teemo,523,Rammus,658
Hailee,Gold,Poppy,212,Quinn,688,Tahm Kench,499
Madalyn,Gold,Ashe,26,Pantheon,387,Xerath,242
Emely,Gold,Corki,135,Zed,785,Nautilus,24
Jayda,Gold,Vladimir,385,Kassadin,117,Vladimir,442
Eden,Gold,Udyr,799,Orianna,54,Viktor,491
Linda,Gold,Talon,266,Maokai,189,Aatrox,531
Jenny,Gold,Irelia,515,Ezreal,293,Bard,381
Jaqueline,Gold,Evelynn,470,Zyra,699,Annie,69
Krystal,Gold,Cho'Gath,248,Shyvana,552,Alistar,501
Lesly,Gold,Sivir,605,Nasus,595,Darius,578
Iris,Gold,Xin Zhao,46,Heimerdinger,786,Amumu,781
Virginia,Gold,Fiora,594,Alistar,753,Mordekaiser,152
Lexi,Gold,Nami,451,Veigar,177,Urgot,519
Gillian,Gold,Gnar,143,Jayce,29,Draven,445
Gloria,Gold,LeBlanc,25,Zilean,123,Udyr,132
Tatum,Gold,Wukong,322,Nunu,570,Irelia,546
Marisol,Gold,Rengar,519,Pantheon,241,Mordekaiser,587
Perla,Gold,Kindred,677,Master Yi,656,Maokai,595
Sasha,Gold,Kha'Zix,132,Garen,529,Braum,646
Monique,Gold,Darius,491,Ekko,430,Nunu,443
Baylee,Gold,Soraka,326,Zilean,432,Maokai,351
Kiley,Gold,Lee Sin,459,Syndra,585,Rammus,87
Kaitlynn,Gold,Tristana,778,Thresh,652,Shaco,570
Aurora,Gold,Swain,690,Urgot,765,Jarvan IV,797
Eliana,Gold,Miss Fortune,24,Katarina,45,Lissandra,528
Angie,Gold,Karma,314,Corki,499,Nidalee,443
Camila,Gold,Orianna,335,Wukong,207,Tryndamere,240
Nora,Gold,Gragas,525,Janna,272,Zac,469
Lacey,Gold,Master Yi,524,Sion,39,Sion,385
Katlyn,Gold,Azir,76,Orianna,670,Ekko,140
Bella,Gold,Ryze,302,Kog'Maw,293,Tahm Kench,362
Haleigh,Gold,Draven,723,Vayne,352,Sejuani,210
Leilani,Gold,Twitch,32,Kindred,486,Caitlyn,784
Alivia,Gold,Singed,284,Akali,74,Lissandra,165
Francesca,Gold,Quinn,194,Heimerdinger,475,Karthus,574
Tamia,Gold,Irelia,422,Galio,193,Varus,373
Destinee,Gold,Veigar,774,Shen,403,Akali,609
Renee,Gold,Heimerdinger,284,Heimerdinger,436,Vi,333
Ashton,Gold,Pantheon,453,Hecarim,228,Volibear,720
Noelle,Gold,Zilean,766,Bard,488,Diana,192
Paulina,Gold,Janna,47,Sion,684,Lux,265
Deja,Gold,Sivir,274,Zac,729,Taric,100
Aniyah,Gold,Varus,378,Fizz,206,Viktor,35
Phoebe,Gold,Renekton,585,Master Yi,393,Zyra,114
Regan,Gold,Swain,712,Zyra,169,Lucian,79
Alisha,Gold,Olaf,560,Zed,222,Shen,748
Viviana,Gold,Nasus,340,Nasus,541,Janna,625
Ayanna,Gold,Jarvan IV,527,Kalista,699,Zilean,119
Sage,Gold,Shaco,362,Gnar,80,Ekko,690
Gina,Gold,Maokai,171,Fiddlesticks,520,Nunu,353
Madisyn,Gold,Miss Fortune,57,Bard,101,Cho'Gath,241
Carla,Gold,Sion,400,Shaco,370,Braum,451
Leila,Gold,Mordekaiser,512,Hecarim,370,Morgana,719
Alina,Gold,Evelynn,504,Shyvana,425,Vladimir,607
Reese,Gold,Lux,572,Lucian,563,Tristana,107
Alice,Gold,Tristana,609,Kindred,174,Nocturne,60
Kaleigh,Gold,Teemo,603,Sivir,415,Hecarim,783
Genevieve,Gold,Tryndamere,753,Yorick,383,Rammus,484
Rylie,Gold,Alistar,771,Thresh,52,Graves,223
Jane,Gold,Rek'Sai,331,Riven,315,Irelia,157
Martha,Gold,Lux,549,Rammus,261,Janna,335
Carissa,Gold,Swain,138,Caitlyn,544,Ezreal,567
Cheyanne,Gold,Kayle,361,Gragas,435,Gnar,670
Marie,Gold,Nocturne,791,Malphite,444,Gragas,525
Kiera,Gold,Vayne,484,Skarner,651,Ashe,153
Brooklynn,Gold,Cho'Gath,148,Nocturne,66,Cassiopeia,129
Tania,Gold,Galio,74,Morgana,721,Anivia,434
Skye,Gold,Nunu,383,Zac,695,Gangplank,326
Amari,Gold,Jayce,517,Udyr,373,Leona,484
Gisselle,Gold,Thresh,577,Kayle,544,Twitch,37
Stella,Gold,Syndra,762,Soraka,650,Twitch,491
Meagan,Gold,Kayle,348,Skarner,568,Veigar,715
Taryn,Gold,Skarner,189,Malzahar,363,Skarner,748
Janet,Gold,Fiddlesticks,514,Vladimir,234,Lux,414
Madyson,Gold,Kalista,266,Nasus,332,Blitzcrank,572
Itzel,Gold,Ahri,297,Twitch,646,Veigar,220
Kaylin,Gold,Trundle,757,Swain,233,Shyvana,264
Jessie,Gold,Trundle,142,Thresh,429,Jinx,695
Kyleigh,Gold,Master Yi,591,Diana,680,Master Yi,395
Tia,Gold,Jayce,217,Vi,493,Vel'Koz,220
Malia,Gold,Azir,676,Kha'Zix,140,Vayne,396
Brynn,Gold,Lulu,549,Azir,66,Master Yi,178
Alyson,Gold,Zac,672,Twisted Fate,468,Katarina,164
Tamara,Gold,Sivir,480,Irelia,621,Sivir,292
Yasmine,Gold,Morgana,304,Kennen,685,Miss Fortune,218
Cora,Gold,Sejuani,250,Janna,730,Zed,209
Precious,Gold,Xerath,314,Draven,351,Zilean,533
Emilie,Gold,Blitzcrank,256,Elise,558,Kalista,470
Krista,Gold,Zac,386,Dr. Mundo,639,Zyra,207
Mckayla,Gold,Wukong,196,Irelia,322,Soraka,438
Jacquelyn,Gold,Cho'Gath,48,Nidalee,773,Brand,572
Abbey,Gold,Zac,682,Talon,60,Zed,745
Ellen,Gold,Kha'Zix,461,Ryze,741,Heimerdinger,485
Justice,Gold,Shyvana,209,Caitlyn,346,Rumble,637
Cara,Gold,Pantheon,709,Blitzcrank,93,Akali,218
Kiersten,Gold,Fiddlesticks,164,Darius,303,Fizz,265
Macie,Gold,Karma,703,Fiddlesticks,153,Nami,532
Izabella,Gold,Anivia,348,Rengar,204,Jarvan IV,692
Kierra,Gold,LeBlanc,490,Elise,140,Thresh,387
Johanna,Gold,Rengar,583,Caitlyn,640,Hecarim,382
Karissa,Gold,Nasus,700,Sona,754,Tahm Kench,40
Mikaela,Gold,Udyr,658,Bard,724,Cassiopeia,661
Lucia,Gold,Sejuani,171,Lux,85,Rammus,232
Carley,Gold,LeBlanc,172,Lee Sin,215,Nidalee,742
Kasey,Gold,Sivir,222,Riven,160,Ahri,290
Joy,Gold,Anivia,389,Fizz,462,Malphite,543
Susan,Gold,Kayle,106,Janna,496,Tahm Kench,620
Cassie,Gold,Viktor,267,Lissandra,326,Malzahar,292
Pamela,Gold,Dr. Mundo,753,Urgot,36,Rammus,611
Maddison,Gold,Olaf,630,Kha'Zix,492,Lissandra,261
Elaina,Gold,Leona,735,Swain,425,Nocturne,161
Janelle,Gold,Rammus,82,Kalista,472,Riven,57
Dulce,Gold,Zed,289,Diana,303,Malzahar,309
Larissa,Gold,Nocturne,248,Lissandra,529,Heimerdinger,267
Alanna,Gold,Jinx,72,Brand,438,Viktor,170
Sharon,Gold,Vel'Koz,638,Teemo,203,Zyra,623
Kali,Gold,Wukong,404,Tryndamere,246,Udyr,385
Elisa,Gold,Lee Sin,119,Urgot,33,Olaf,756
Tiara,Gold,Anivia,753,Urgot,557,Skarner,646
Anya,Gold,Evelynn,467,Shaco,187,Braum,226
Charity,Gold,Sejuani,136,Evelynn,755,Galio,406
Sarai,Gold,Skarner,54,Akali,221,Master Yi,751
Jaiden,Gold,Graves,586,Dr. Mundo,380,Talon,465
Athena,Gold,LeBlanc,173,Jinx,572,Olaf,353
Miracle,Gold,Braum,732,Darius,240,Annie,497
Brandy,Gold,Kayle,124,Thresh,242,Yorick,226
Brandi,Gold,Leona,289,Master Yi,319,LeBlanc,594
Ryan,Gold,Rek'Sai,559,Kindred,535,Rumble,288
Tyler,Gold,Zilean,245,Teemo,183,LeBlanc,325
America,Gold,Soraka,417,Orianna,97,Swain,767
Amya,Gold,Twitch,610,Bard,468,Lucian,193
Angelique,Gold,Renekton,321,Kassadin,798,Kassadin,95
Theresa,Gold,Volibear,627,Master Yi,85,Jax,147
Mayra,Gold,Rek'Sai,91,Kennen,659,Sona,727
Abbigail,Gold,Karma,168,Vayne,440,Fiddlesticks,584
Kailee,Gold,Tristana,689,Volibear,105,Viktor,290
Marlene,Gold,Tahm Kench,731,Rek'Sai,643,Gnar,176
Irene,Gold,Wukong,519,Zilean,582,Warwick,654
Kaley,Gold,Braum,411,Yorick,305,Evelynn,338
Maritza,Gold,Gragas,117,Soraka,129,Zac,729
Fernanda,Gold,Malzahar,210,Evelynn,95,Kennen,734
Ainsley,Gold,Gragas,260,Varus,63,Zilean,525
Joselyn,Gold,Nautilus,173,Amumu,565,Vel'Koz,410
Aileen,Gold,Katarina,131,Draven,588,Kennen,457
Bailee,Gold,Veigar,598,Annie,296,Rumble,758
Anika,Gold,Nasus,127,Trundle,639,Vi,782
Carlie,Gold,Zac,724,Xerath,364,Karthus,315
Sonia,Gold,Sona,447,Ezreal,756,Nidalee,259
Rhiannon,Gold,Zac,770,Poppy,140,Lulu,408
Janae,Gold,Twisted Fate,487,Xin Zhao,700,Evelynn,96
Marilyn,Gold,Warwick,98,Urgot,379,Kayle,759
Jaclyn,Gold,Vayne,231,Talon,738,Trundle,587
Simone,Gold,Xin Zhao,533,Quinn,154,Syndra,521
Sylvia,Gold,Vel'Koz,429,Skarner,450,Garen,73
Kelsie,Gold,Hecarim,730,Azir,634,Wukong,490
Colleen,Gold,Lulu,617,Shen,504,Gragas,295
Ryleigh,Gold,Tristana,775,Xerath,317,Rumble,749
Lesley,Gold,Bard,528,Olaf,695,Quinn,617
Lena,Gold,Yasuo,484,Pantheon,582,Vayne,601
Madelynn,Gold,Thresh,645,Warwick,298,Dr. Mundo,303
Litzy,Gold,Heimerdinger,681,Tristana,595,Morgana,497
Raegan,Gold,Soraka,76,Lulu,87,Nunu,787
Araceli,Gold,Vladimir,328,Lulu,486,Nunu,155
Abbie,Gold,Veigar,356,Zilean,418,Riven,446
Kaila,Gold,Fiora,550,Sejuani,229,Akali,111
Hunter,Gold,Caitlyn,558,Maokai,249,Jax,545
Emilia,Gold,Rumble,310,Master Yi,139,Lux,75
Macey,Gold,Skarner,321,Shyvana,283,Ahri,693
Jaelyn,Gold,LeBlanc,54,Lulu,455,Janna,196
Felicity,Gold,Twisted Fate,414,Sion,769,Olaf,131
Ann,Gold,Rengar,40,Kassadin,600,Annie,701
Lorena,Gold,Gnar,565,Urgot,467,Tristana,136
Lexie,Gold,Jinx,359,Miss Fortune,469,Sejuani,561
Alma,Gold,Vi,591,Morgana,265,Jarvan IV,688
Tatyana,Gold,Dr. Mundo,625,Taric,300,Braum,429
Nataly,Gold,Xin Zhao,352,Anivia,684,Master Yi,665
Isis,Gold,Skarner,642,Tahm Kench,492,Karma,330
Madilyn,Gold,Vel'Koz,100,Karma,613,Warwick,484
Aspen,Gold,Karthus,200,Rengar,37,Nunu,758
Melina,Gold,Fiddlesticks,728,Rek'Sai,422,Gangplank,79
Valentina,Gold,Thresh,725,Twisted Fate,588,Kha'Zix,61
Eve,Gold,Syndra,412,Nocturne,618,Poppy,716
Maia,Gold,Leona,111,Ashe,561,Morgana,219
Justine,Gold,Miss Fortune,263,Syndra,655,Morgana,522
Daphne,Gold,Viktor,572,Yorick,689,Kassadin,479
Kenya,Gold,Thresh,541,Leona,476,Rengar,333
Luz,Gold,Vayne,442,Talon,257,Gnar,306
Cadence,Gold,Kog'Maw,398,Dr. Mundo,622,Vel'Koz,186
Julianne,Gold,Karthus,95,Warwick,256,Tahm Kench,212
Janiya,Gold,Karthus,66,Lux,527,Malzahar,681
Deborah,Gold,Tryndamere,412,Zed,116,Nidalee,68
Zaria,Gold,Malzahar,77,Viktor,506,Ekko,181
Nathalie,Gold,Jarvan IV,721,Evelynn,444,Poppy,585
Kailyn,Gold,Renekton,788,Diana,757,Nasus,267
Arielle,Gold,Singed,632,Kassadin,790,Taric,781
Tianna,Gold,Braum,785,Janna,138,Trundle,765
Isabela,Gold,Annie,279,Kassadin,52,Syndra,41
Cristal,Gold,Heimerdinger,541,Miss Fortune,186,Garen,612
Aimee,Gold,Jinx,692,Shen,526,Caitlyn,52
Helena,Gold,Xin Zhao,543,Shyvana,237,Orianna,418
Barbara,Gold,Miss Fortune,396,Vayne,702,Kalista,430
Willow,Gold,Rek'Sai,529,Shyvana,264,Vel'Koz,208
Nyla,Gold,Gragas,789,Tryndamere,272,Cho'Gath,53
Samara,Gold,Garen,122,Kha'Zix,717,Jax,425
Kaya,Gold,Zac,771,Leona,375,Fiora,548
Judith,Gold,Gangplank,534,Alistar,795,Alistar,229
Reyna,Gold,Aatrox,626,Lissandra,632,LeBlanc,208
Noemi,Gold,Varus,486,Udyr,577,Rumble,285
Chasity,Gold,Mordekaiser,683,Vi,577,Master Yi,530
Chelsey,Gold,Karthus,300,Nami,158,Lee Sin,624
Sydnee,Gold,Kog'Maw,475,Riven,496,Orianna,656
Shyanne,Gold,Lissandra,734,Morgana,447,Pantheon,198
Tanya,Gold,Shaco,76,Malzahar,269,Skarner,478
Clare,Gold,Lucian,58,Lucian,487,Rengar,154
Marley,Gold,Skarner,632,Jarvan IV,498,Nidalee,483
Tess,Gold,Udyr,190,Sejuani,119,Fiddlesticks,258
Liberty,Gold,Malzahar,435,Gragas,781,Teemo,81
Lila,Gold,Vayne,26,Rek'Sai,553,Heimerdinger,229
Regina,Gold,Malzahar,729,Nocturne,628,Talon,117
Tyra,Gold,Akali,776,Lucian,339,Gnar,624
Laney,Gold,Shen,462,Nidalee,352,Vel'Koz,260
Haylie,Gold,Talon,449,Tryndamere,40,Miss Fortune,461
Zoie,Gold,Fiora,294,Vladimir,278,Jax,133
Frances,Gold,Sona,458,Rumble,96,Ryze,662
Juliet,Gold,Viktor,714,Ahri,367,Talon,368
Lilian,Gold,Hecarim,601,Soraka,512,Mordekaiser,287
Brisa,Gold,Zilean,418,Galio,565,Jarvan IV,595
Felicia,Gold,Viktor,731,Lulu,397,Ekko,313
Alessandra,Gold,Shyvana,742,Shyvana,407,Udyr,457
Adrienne,Gold,Sion,134,Master Yi,312,Ashe,558
Thalia,Gold,Dr. Mundo,325,Ryze,188,Warwick,312
Edith,Gold,Fiora,609,Fizz,672,LeBlanc,137
Keira,Gold,Pantheon,260,Renekton,383,Nasus,367
Esperanza,Gold,Cassiopeia,742,Singed,429,Jarvan IV,479
Brielle,Gold,Taric,50,Pantheon,210,Caitlyn,718
Ally,Gold,Brand,37,Quinn,24,Rammus,189
Hayden,Gold,Lucian,438,Sivir,216,Rek'Sai,49
Skyla,Gold,Draven,429,Rumble,235,Jarvan IV,177
Elaine,Gold,Tahm Kench,452,Xerath,132,Braum,226
Jaida,Gold,Wukong,743,Urgot,620,Cassiopeia,492
Karlee,Gold,Zilean,22,Draven,624,Akali,545
Jazlyn,Gold,Skarner,231,Draven,644,Akali,291
Kaelyn,Gold,Jarvan IV,781,Twisted Fate,525,Talon,462
Janessa,Gold,Viktor,717,Annie,740,Nautilus,760
Mara,Gold,Kha'Zix,389,Lux,643,Singed,292
Gwendolyn,Gold,Skarner,163,Talon,673,Galio,293
Nichole,Gold,Caitlyn,310,Zilean,694,Nami,568
Kaylyn,Gold,Akali,325,Viktor,305,Vayne,348
Savanah,Gold,Miss Fortune,666,Volibear,798,Cassiopeia,561
Paula,Gold,Brand,386,Nocturne,728,Rek'Sai,561
Stacy,Gold,Fiora,240,Nautilus,113,LeBlanc,509
Violet,Gold,Kayle,755,Leona,515,Olaf,152
Breana,Gold,Nautilus,45,Sona,792,Taric,197
Leticia,Gold,Vel'Koz,765,Gangplank,357,Lee Sin,610
Corinne,Gold,Akali,795,Soraka,602,Tristana,356
Anaya,Gold,Sona,177,Orianna,149,Bard,588
Maci,Gold,Zilean,691,Heimerdinger,71,Braum,377
Celia,Gold,Braum,728,Brand,261,Garen,39
Estrella,Gold,Nautilus,425,Sivir,47,Tristana,587
Hailie,Gold,Lucian,495,Nautilus,798,Zilean,94
Carina,Gold,Brand,644,Lissandra,266,Trundle,632
Juliette,Gold,Jax,394,Shyvana,169,Cassiopeia,83
Harmony,Gold,Master Yi,392,Sona,227,Garen,798
Ximena,Gold,Trundle,559,Elise,610,Blitzcrank,478
Sienna,Gold,Rek'Sai,406,Cho'Gath,353,Ahri,480
Mollie,Gold,Fiddlesticks,294,Urgot,579,Varus,758
Laurel,Gold,Fiddlesticks,58,Miss Fortune,669,Taric,732
Yadira,Gold,Rumble,388,Sona,99,Sivir,565
Toni,Gold,Wukong,363,Sivir,573,Miss Fortune,590
Tayler,Gold,Fiddlesticks,580,Veigar,682,Gragas,465
Mariela,Gold,Vel'Koz,76,Swain,321,Hecarim,743
Delilah,Gold,Sivir,27,Karma,574,Gragas,58
Teagan,Gold,Shen,554,Urgot,371,Brand,77
Carlee,Gold,Teemo,570,Poppy,656,Jarvan IV,310
Hana,Gold,Kassadin,190,Wukong,218,Jayce,273
Alisa,Gold,Shyvana,653,Talon,101,Jinx,171
Haven,Gold,Vi,349,Wukong,314,Corki,111
Halie,Gold,Kayle,472,Zed,164,Rek'Sai,57
Aisha,Gold,Ekko,424,Yorick,541,Gnar,262
Rosemary,Gold,Soraka,524,Zilean,158,Xin Zhao,455
Tina,Gold,Akali,336,Zilean,299,Hecarim,67
Jimena,Gold,Vayne,445,Talon,241,Elise,752
Carrie,Gold,Draven,624,Zyra,736,Sejuani,250
Lea,Gold,Bard,353,Cassiopeia,782,Hecarim,402
Eileen,Gold,Leona,798,Xin Zhao,74,Fiora,376
Lillie,Gold,Lissandra,31,Syndra,257,Wukong,757
Keely,Gold,Garen,650,Rumble,295,Vel'Koz,89
Karlie,Gold,Twitch,88,Graves,55,Leona,553
Cayla,Gold,Gangplank,684,Warwick,166,Lissandra,654
Micah,Gold,Tryndamere,326,Riven,400,Jax,268
Antonia,Gold,Talon,255,Twisted Fate,551,Kindred,776
Mariam,Gold,Leona,518,Twisted Fate,593,Amumu,247
Jazmyn,Gold,Ekko,184,Akali,349,Kha'Zix,274
Jolie,Gold,Kindred,51,Akali,281,Lux,777
Kayley,Gold,Ahri,592,Twisted Fate,379,Shaco,157
Jewel,Gold,Morgana,294,Nami,598,Zed,242
Kelli,Gold,Vayne,555,Evelynn,293,Yasuo,23
Leanna,Gold,Jarvan IV,663,Taric,553,Vladimir,388
Devin,Gold,Nunu,637,Vi,724,Katarina,278
Kenzie,Gold,Orianna,402,Poppy,305,Xin Zhao,541
Karli,Gold,Kalista,196,Darius,789,Soraka,27
Aracely,Gold,Lulu,441,Draven,349,Sion,52
Ebony,Gold,Quinn,667,Gangplank,547,Yorick,215
Presley,Gold,Evelynn,97,Jarvan IV,720,Kennen,131
Amani,Gold,Cho'Gath,311,Kha'Zix,116,Nocturne,188
Adeline,Gold,Rammus,576,Evelynn,402,Leona,667
Aleah,Gold,Garen,381,Janna,83,Vel'Koz,436
Ciera,Gold,Elise,72,Nidalee,791,Sion,162
Arely,Gold,Ezreal,434,Twitch,706,Ahri,484
Nya,Gold,Tryndamere,727,Viktor,585,Yasuo,447
Ayana,Gold,Darius,407,Sejuani,102,Rammus,767
Lana,Gold,Twisted Fate,772,Skarner,363,Tryndamere,643
Stephany,Gold,Varus,694,Rek'Sai,284,Twitch,567
Kennedi,Gold,Bard,172,Vayne,404,Xerath,247
Annette,Gold,Viktor,473,Urgot,69,Renekton,302
Destiney,Gold,Nunu,698,Varus,471,Xin Zhao,517
Alena,Gold,Veigar,560,Renekton,549,Twisted Fate,310
Lia,Gold,Vel'Koz,415,Janna,676,Yasuo,462
Lizeth,Gold,Shyvana,483,Olaf,49,Jax,299
Giovanna,Gold,Vel'Koz,649,Vayne,281,Thresh,297
Ansley,Gold,Wukong,409,Braum,149,Pantheon,557
Yvette,Gold,Graves,208,Orianna,253,Kog'Maw,591
Blanca,Gold,Maokai,641,Graves,116,Ahri,387
Shayna,Gold,Jarvan IV,608,Kalista,382,LeBlanc,777
Desirae,Gold,Kalista,126,Quinn,633,Twitch,797
Joyce,Gold,Zed,707,Tryndamere,748,Ahri,473
Kianna,Gold,Renekton,239,Gangplank,346,Annie,457
Micaela,Gold,Rengar,174,Yasuo,456,Malphite,531
Sydni,Gold,Dr. Mundo,799,Fiora,501,Azir,294
Christian,Gold,Brand,375,Azir,607,Gangplank,553
Aubree,Gold,Draven,736,Sona,411,Darius,263
Kaia,Gold,Jayce,310,Maokai,247,Nami,298
Donna,Gold,Diana,693,Akali,799,Braum,349
Maeve,Gold,Renekton,501,Annie,260,Cassiopeia,405
Ingrid,Gold,Graves,654,Ekko,499,Katarina,482
Quinn,Gold,Sejuani,502,Lulu,759,Sivir,425
Shaniya,Gold,Katarina,410,Hecarim,512,Skarner,49
Salma,Gold,Azir,337,Aatrox,442,Zilean,629
Candace,Gold,Lucian,99,Veigar,659,Nautilus,83
Amara,Gold,Swain,108,Tahm Kench,409,Kog'Maw,232
Lara,Gold,Nami,452,Sivir,159,Lissandra,37
Nicolette,Gold,Alistar,658,Dr. Mundo,492,Aatrox,687
Damaris,Gold,Lulu,700,Master Yi,754,Ezreal,229
Kaylynn,Gold,Xin Zhao,380,Lissandra,606,Skarner,794
Nikki,Gold,Kog'Maw,295,Tahm Kench,508,Annie,555
Yazmin,Gold,Kha'Zix,582,Nasus,301,Annie,349
Essence,Gold,Garen,779,Miss Fortune,153,Gangplank,220
Abigayle,Gold,Urgot,642,Vi,475,Shen,203
Destini,Gold,Udyr,282,Soraka,484,Lulu,685
Maribel,Gold,Ashe,759,Kalista,402,Heimerdinger,784
Katharine,Gold,Vayne,562,Karthus,719,Pantheon,798
Sheila,Gold,Sivir,769,Soraka,379,Vladimir,300
Dayana,Gold,Bard,697,Shyvana,744,Quinn,748
Aria,Gold,Morgana,313,Cassiopeia,369,Teemo,142
Hazel,Gold,Alistar,75,Zyra,146,Warwick,698
Kathy,Gold,Sion,84,Rek'Sai,767,Rumble,508
Katarina,Gold,Graves,193,Rammus,198,Kassadin,619
Cecelia,Gold,Heimerdinger,764,Vel'Koz,200,Vladimir,562
Jenifer,Gold,Tristana,72,Rammus,336,Ryze,165
Rebeca,Gold,Lee Sin,506,Varus,505,Lee Sin,555
Greta,Gold,Gangplank,127,Lee Sin,28,Garen,222
Amira,Gold,Kayle,71,Udyr,241,Jayce,90
Katelin,Gold,Udyr,335,Braum,746,Kalista,230
Aliya,Gold,Kog'Maw,279,Garen,758,Master Yi,461
Maura,Gold,Master Yi,278,Zyra,517,Amumu,359
Lyric,Gold,Lucian,692,Lissandra,733,Teemo,384
Monserrat,Gold,Twisted Fate,367,Quinn,80,Katarina,550
Jaylin,Gold,Akali,373,Nocturne,431,Swain,737
Sandy,Gold,Sivir,386,Fizz,596,Jayce,402
Shyann,Gold,Nautilus,319,Thresh,302,Braum,576
Stacey,Gold,Zac,298,Kha'Zix,332,Zac,663
Aiyana,Gold,Zac,392,Shaco,512,Tristana,727
Margarita,Gold,Teemo,471,Syndra,720,Sona,721
Bria,Gold,Ryze,141,Soraka,309,Fizz,290
Annalise,Gold,Shaco,608,Lulu,562,Caitlyn,242
Calista,Gold,Nunu,375,Rengar,63,Urgot,421
Parker,Gold,Skarner,69,Cassiopeia,180,Ezreal,389
Scarlett,Gold,Udyr,162,Urgot,447,Soraka,497
Jalyn,Gold,Graves,451,Udyr,130,Talon,99
Mattie,Gold,Katarina,784,Akali,225,Mordekaiser,703
Elyse,Gold,Maokai,245,Shyvana,434,Malphite,38
Karly,Gold,Ezreal,27,Urgot,272,Kayle,644
Myah,Gold,Dr. Mundo,602,Gnar,496,Evelynn,437
Shea,Gold,Annie,117,Kha'Zix,99,Caitlyn,519
Marianna,Gold,Teemo,234,Braum,25,Lissandra,683
Lizette,Gold,Janna,602,Braum,442,Annie,144
Chaya,Gold,Nautilus,357,Draven,570,Nunu,232
Madisen,Gold,Fiddlesticks,186,Twitch,176,Yorick,504
Melany,Gold,Xerath,27,Kalista,23,Zed,654
Emmalee,Gold,Nami,663,Rumble,709,Fiora,391
Catalina,Gold,Yasuo,560,Heimerdinger,146,Singed,709
Celine,Gold,Ryze,140,Nami,367,Warwick,581
Liana,Gold,Mordekaiser,497,Nocturne,741,Maokai,786
Ericka,Gold,Kennen,509,Tahm Kench,694,Yasuo,518
Devon,Platinum,Sivir,787,Teemo,679,Garen,877
Nyah,Platinum,Xin Zhao,525,Rek'Sai,706,Trundle,520
Robin,Platinum,Nautilus,946,Syndra,912,Teemo,578
Kasandra,Platinum,Fiora,907,Elise,780,Katarina,825
Gia,Platinum,Sion,640,Wukong,435,Kalista,713
London,Platinum,Anivia,912,Udyr,839,Sion,827
Carson,Platinum,Swain,948,Nidalee,653,Sion,620
Ayla,Platinum,Ahri,777,Garen,738,Trundle,620
Princess,Platinum,Janna,640,Vi,983,Vi,888
Hadley,Platinum,Vi,546,Corki,673,Vayne,505
Kayli,Platinum,Cho'Gath,765,Caitlyn,435,Twitch,568
Moriah,Platinum,Nasus,524,Xin Zhao,418,Zed,662
Anissa,Platinum,Olaf,868,Ahri,635,Ashe,861
Shaylee,Platinum,Gragas,751,Taric,837,Riven,801
Lilliana,Platinum,Trundle,525,Karthus,523,Alistar,894
Jacey,Platinum,Sejuani,621,Tristana,434,Mordekaiser,941
Lyndsey,Platinum,Nunu,963,Nunu,599,Renekton,728
Elle,Platinum,Cho'Gath,943,Poppy,512,Ekko,423
Lexus,Platinum,Brand,709,Kog'Maw,989,Nidalee,780
Susana,Platinum,Corki,981,Mordekaiser,607,Lux,497
Gretchen,Platinum,Gnar,660,Pantheon,760,Veigar,750
Alysa,Platinum,Lux,639,Nami,924,Maokai,946
Tierra,Platinum,Vladimir,863,Gangplank,756,Syndra,931
Brianne,Platinum,Poppy,580,Vel'Koz,911,Caitlyn,765
Alize,Platinum,Renekton,528,Cassiopeia,756,Renekton,467
Estefania,Platinum,Galio,885,Ahri,553,Vel'Koz,524
Montana,Platinum,Wukong,657,Vladimir,751,Lux,758
Cali,Platinum,Aatrox,904,Teemo,963,Tahm Kench,676
Joana,Platinum,Graves,536,Rumble,706,Ahri,798
Beatriz,Platinum,Nasus,565,Rammus,854,Galio,550
Noelia,Platinum,Zilean,885,Quinn,520,Bard,928
Tracy,Platinum,Caitlyn,615,Brand,981,Yasuo,765
Reilly,Platinum,Akali,871,Garen,650,Olaf,468
Aryanna,Platinum,Lucian,677,Volibear,796,Talon,474
Iliana,Platinum,Akali,569,Tryndamere,925,Shyvana,623
Dorothy,Platinum,Ryze,753,Vayne,694,Mordekaiser,475
Kaylah,Platinum,Thresh,748,Draven,699,Dr. Mundo,875
Elissa,Platinum,Ekko,989,Vel'Koz,905,Kog'Maw,719
Dylan,Platinum,Nidalee,464,Vayne,508,LeBlanc,723
Savana,Platinum,Galio,750,Kennen,587,Sivir,740
Kourtney,Platinum,Nidalee,605,Kog'Maw,984,Syndra,722
Janice,Platinum,Renekton,785,Maokai,596,Kennen,518
Devyn,Platinum,Viktor,432,Kog'Maw,853,Warwick,880
Robyn,Platinum,Gangplank,475,Lulu,997,Cho'Gath,421
Elsa,Platinum,Lulu,515,Graves,567,Tahm Kench,956
Ryann,Platinum,Cho'Gath,417,Kassadin,434,Maokai,600
Alia,Platinum,Evelynn,655,Orianna,787,Shyvana,677
Carol,Platinum,Kalista,789,Ashe,862,Nidalee,735
Sydnie,Platinum,Teemo,588,Rumble,809,Heimerdinger,591
Jakayla,Platinum,Caitlyn,532,Trundle,720,Diana,664
Arlene,Platinum,Jayce,896,Sona,613,Poppy,939
Jaime,Platinum,Teemo,810,Braum,709,Veigar,757
Raina,Platinum,Tryndamere,683,Soraka,857,Malphite,628
Taliyah,Platinum,Skarner,430,Morgana,544,Jinx,730
Aliza,Platinum,Vel'Koz,632,Twisted Fate,462,Caitlyn,707
Jasmyn,Platinum,Pantheon,489,Kennen,567,LeBlanc,805
Carli,Platinum,Braum,588,Trundle,480,Jarvan IV,427
Diane,Platinum,Irelia,706,Quinn,580,Amumu,898
Anita,Platinum,Volibear,872,Lucian,773,Riven,917
Rayna,Platinum,Kalista,951,Twisted Fate,411,Karthus,657
Shirley,Platinum,Rammus,962,Blitzcrank,841,Alistar,754
Shakira,Platinum,Taric,466,Trundle,469,Aatrox,564
Rocio,Platinum,Kog'Maw,865,Xin Zhao,898,Zed,951
Penelope,Platinum,Blitzcrank,506,Darius,568,Irelia,776
Jamya,Platinum,Gangplank,695,Skarner,947,Corki,671
Jaycee,Platinum,Thresh,946,Thresh,976,Quinn,733
Alexandrea,Platinum,Corki,524,Master Yi,945,Thresh,887
Kenna,Platinum,Brand,530,Vi,706,Varus,750
Graciela,Platinum,Tahm Kench,596,Nautilus,685,Malzahar,874
Kenia,Platinum,Kog'Maw,499,Master Yi,614,Graves,504
Dasia,Platinum,Fiora,971,Vladimir,511,Twisted Fate,864
Annabel,Platinum,Graves,889,Karma,571,Taric,416
Christiana,Platinum,Ahri,923,Yasuo,751,Ryze,748
Karley,Platinum,Fizz,939,Syndra,939,Kassadin,585
Christa,Platinum,Tristana,451,Renekton,770,Karma,980
Kallie,Platinum,Anivia,749,Singed,655,Soraka,902
Trista,Platinum,Tryndamere,748,Hecarim,784,Lucian,569
Frida,Platinum,Orianna,864,Graves,995,Lux,786
Saige,Platinum,Shyvana,954,Amumu,896,Sejuani,884
Paloma,Platinum,Vladimir,800,Zilean,730,Lee Sin,962
Abigale,Platinum,Kennen,900,Garen,402,Nidalee,905
Kacie,Platinum,Volibear,464,Cassiopeia,718,Vi,736
Casandra,Platinum,Shaco,938,Akali,585,Zac,927
Ashly,Platinum,Volibear,632,Fiora,659,Rengar,963
Patience,Platinum,Lee Sin,927,Heimerdinger,554,Rengar,723
Iyana,Platinum,Kassadin,507,Ahri,775,Swain,463
Jackeline,Platinum,Vi,768,Xerath,514,Fizz,588
Mireya,Platinum,Shyvana,931,Lissandra,435,Master Yi,789
Annabella,Platinum,Blitzcrank,812,Kog'Maw,900,Vladimir,804
Magdalena,Platinum,Lucian,826,Jax,783,Garen,609
Lola,Platinum,Malzahar,916,Morgana,955,Vladimir,708
Taniya,Platinum,Akali,653,Heimerdinger,768,Caitlyn,937
Fabiola,Platinum,Tryndamere,582,Taric,838,Ahri,646
Marlee,Platinum,Zyra,624,Tryndamere,646,Tristana,788
Abril,Platinum,Soraka,423,Shaco,692,Nasus,607
Belen,Platinum,Heimerdinger,677,Wukong,550,Karma,434
Selina,Platinum,Morgana,539,Sion,833,Rengar,937
Elyssa,Platinum,Nautilus,504,Lissandra,669,Kayle,719
Kaiya,Platinum,Pantheon,735,Draven,839,Rammus,494
Laci,Platinum,Shaco,752,Teemo,450,Graves,745
Abagail,Platinum,Quinn,536,Kassadin,989,Jayce,574
Nyasia,Platinum,Master Yi,532,Cassiopeia,405,Nunu,874
Ashtyn,Platinum,Orianna,798,Sivir,469,Ezreal,468
Joelle,Platinum,Hecarim,766,Kalista,756,Miss Fortune,576
Kellie,Platinum,Swain,483,Taric,729,Pantheon,781
Kaliyah,Platinum,Shaco,628,Azir,856,Swain,855
Kendal,Platinum,Jax,942,Brand,475,Sivir,697
Meadow,Platinum,Cho'Gath,908,Nautilus,997,Draven,764
Mandy,Platinum,Ezreal,539,Syndra,929,Tahm Kench,413
Kalyn,Platinum,Karthus,803,Jinx,600,Nami,848
Jailyn,Platinum,Poppy,720,Bard,701,Darius,648
Taya,Platinum,Olaf,402,Zilean,696,Zilean,952
Yuliana,Platinum,Rammus,883,Orianna,726,Brand,510
Kya,Platinum,Shyvana,580,Zilean,709,Katarina,893
Christy,Platinum,Evelynn,804,Akali,835,Viktor,549
Dalia,Platinum,Akali,757,Evelynn,889,Graves,664
Sally,Platinum,Shen,409,Lulu,632,Cho'Gath,611
Jaidyn,Platinum,Lucian,595,Trundle,485,Quinn,406
Shawna,Platinum,Fizz,913,Sion,407,Sejuani,531
Berenice,Platinum,Alistar,663,Kog'Maw,991,Rumble,816
Aylin,Platinum,Kassadin,901,Brand,443,Rumble,823
Jaylynn,Platinum,Akali,852,Blitzcrank,945,Tryndamere,469
Candice,Platinum,Caitlyn,668,Teemo,825,Yasuo,792
Armani,Platinum,Fiora,899,Thresh,495,Diana,661
Amiya,Platinum,Darius,778,Draven,722,Morgana,610
Reina,Platinum,Jarvan IV,641,Olaf,620,Tristana,614
Rachelle,Platinum,Udyr,406,Fiddlesticks,719,Kennen,791
Loren,Platinum,Jinx,799,Braum,966,Miss Fortune,580
Johana,Platinum,Jayce,731,Olaf,829,Vayne,463
Dayanara,Platinum,Lee Sin,804,Varus,672,Braum,916
Kadence,Platinum,Aatrox,786,Sion,654,Hecarim,479
Kaydence,Platinum,Braum,496,Tahm Kench,842,Fizz,671
Madalynn,Platinum,Leona,933,Zed,782,Syndra,972
Aubrie,Platinum,Karma,413,Fiora,822,Anivia,758
Makaila,Platinum,Irelia,660,Ashe,584,Varus,834
Miah,Platinum,Malphite,833,Trundle,650,Gnar,958
Alexys,Platinum,Rengar,728,Tristana,498,Talon,542
Darlene,Platinum,Kalista,592,Heimerdinger,843,Kassadin,873
Sarahi,Platinum,Graves,820,Teemo,793,Karma,971
Danna,Platinum,Vel'Koz,531,Bard,838,Gragas,683
Dianna,Platinum,Gnar,752,Warwick,633,Urgot,775
Bryana,Platinum,Sejuani,515,Draven,855,Tristana,790
Baby,Platinum,Twisted Fate,956,Kalista,418,Malphite,603
Amina,Platinum,Maokai,948,Yasuo,920,Orianna,581
Reanna,Platinum,Twitch,539,Kha'Zix,732,Draven,542
Evelin,Platinum,Galio,499,Vel'Koz,593,Tahm Kench,758
Journey,Platinum,Kog'Maw,542,Zac,601,Galio,769
Lina,Platinum,Rumble,610,Janna,526,Vladimir,443
Jana,Platinum,Skarner,980,Vayne,884,Cho'Gath,645
Myra,Platinum,Riven,970,Akali,809,Sejuani,861
Yessenia,Platinum,Vayne,457,Kog'Maw,466,Shen,862
Citlali,Platinum,Zyra,911,Zilean,550,Zilean,849
Jazmyne,Platinum,Volibear,857,Ezreal,820,Swain,533
Kaci,Platinum,Nasus,525,Lissandra,598,Diana,432
Joslyn,Platinum,Morgana,580,Yasuo,730,Urgot,898
Brionna,Platinum,Tahm Kench,983,Sivir,685,Lulu,951
Anjali,Platinum,Zed,530,Hecarim,695,Braum,918
Alex,Platinum,Fiora,650,Renekton,526,Syndra,604
Katy,Platinum,Kha'Zix,702,Amumu,758,Quinn,656
Makena,Platinum,Warwick,755,Alistar,520,Wukong,741
Chyna,Platinum,Heimerdinger,541,Master Yi,802,Ashe,811
Jaliyah,Platinum,Dr. Mundo,625,Nidalee,800,Draven,762
Meaghan,Platinum,Lissandra,984,Jax,790,Tristana,961
Melinda,Platinum,Karthus,498,Miss Fortune,408,Orianna,498
Emerson,Platinum,Nami,550,Galio,807,Akali,514
Shreya,Platinum,Sion,714,Cassiopeia,583,Rammus,538
Janiyah,Platinum,Wukong,679,Alistar,978,Skarner,585
Jaylene,Platinum,Leona,446,Aatrox,577,Vel'Koz,915
Kelsi,Platinum,Mordekaiser,461,Karthus,720,Leona,601
Galilea,Platinum,Malphite,613,Yorick,424,Braum,879
Yareli,Platinum,Varus,679,Xerath,973,Udyr,495
Giana,Platinum,Singed,654,Trundle,564,Xin Zhao,846
Hillary,Platinum,Corki,460,Rammus,688,Shaco,776
Celina,Platinum,Trundle,958,Galio,770,Gangplank,717
Maegan,Platinum,Quinn,670,Gnar,648,Bard,978
Sarina,Platinum,Udyr,983,Corki,938,Lux,816
Maliyah,Platinum,Aatrox,492,Karma,442,Poppy,495
Yoselin,Diamond,Kayle,688,Nami,915,Nami,724
Samira,Diamond,Riven,944,Zilean,719,Jax,677
Sheridan,Diamond,Tryndamere,907,Evelynn,983,Rumble,697
Areli,Diamond,Thresh,632,Lee Sin,619,Yorick,772
Kristine,Diamond,Nasus,689,Lulu,705,Ashe,645
Jeanette,Diamond,Leona,829,Singed,717,Heimerdinger,798
Chandler,Diamond,Ezreal,648,Karthus,748,Pantheon,666
Allyssa,Diamond,Trundle,772,Nautilus,985,Ryze,912
Jacklyn,Diamond,Wukong,897,Alistar,898,Maokai,949
Drew,Diamond,Darius,990,Yasuo,904,Garen,985
Isabell,Diamond,Nautilus,981,Trundle,651,Bard,751
Keyla,Diamond,Volibear,684,Pantheon,874,Janna,709
Libby,Diamond,Shen,750,Wukong,832,Galio,758
Norah,Diamond,Bard,664,Warwick,607,Elise,931
Chanel,Diamond,Olaf,874,Graves,753,Renekton,634
Laisha,Diamond,Karthus,833,Quinn,887,Malphite,698
Kari,Diamond,LeBlanc,629,Jarvan IV,793,Viktor,980
Brook,Diamond,Hecarim,660,Lissandra,810,Skarner,766
Yolanda,Diamond,Volibear,846,Heimerdinger,879,Nidalee,604
Unique,Diamond,Renekton,927,Vladimir,904,Sona,697
Rita,Diamond,Diana,959,Alistar,717,Malzahar,921
Jaquelin,Diamond,Rengar,947,Zed,720,Aatrox,670
Camilla,Diamond,Nidalee,661,Pantheon,975,Rengar,896
Silvia,Diamond,Rengar,819,Draven,613,Singed,679
Kaela,Diamond,Bard,920,Nami,988,Kennen,787
Lisbeth,Diamond,Skarner,805,Taric,832,Amumu,871
Roxana,Diamond,Thresh,889,Ahri,627,Yasuo,753
Kacey,Diamond,Cho'Gath,834,Shyvana,840,Renekton,883
Kinsey,Diamond,Tryndamere,710,Ekko,819,Kha'Zix,806
Norma,Diamond,Fiora,976,Sion,660,LeBlanc,805
Jalynn,Diamond,Evelynn,788,Anivia,739,Lulu,957
Sky,Diamond,LeBlanc,617,Vi,911,Blitzcrank,700
Sherlyn,Diamond,Sona,774,Karma,807,Renekton,841
Aryana,Diamond,Kennen,652,Sejuani,656,Janna,626
Iyanna,Diamond,Tahm Kench,662,Nidalee,879,Brand,609
Caitlynn,Diamond,Hecarim,642,Nami,681,Zac,697
Bridgette,Diamond,Ekko,621,Gnar,975,Varus,704
Bonnie,Diamond,Gragas,873,Draven,913,Rek'Sai,836
Jaylyn,Diamond,Mordekaiser,839,Lissandra,794,Caitlyn,966
Sonya,Diamond,Fizz,914,Azir,650,Sivir,794
Maleah,Diamond,Anivia,948,Kennen,754,Blitzcrank,605
Vanesa,Diamond,Warwick,844,Karthus,835,Vi,979
Mira,Diamond,Vladimir,690,Gnar,890,Lulu,777
Caleigh,Diamond,Vayne,702,Amumu,960,Trundle,936
Lisette,Diamond,Olaf,983,Skarner,913,Bard,854
Delia,Diamond,Annie,742,Ekko,637,Rammus,803
Deasia,Diamond,Master Yi,794,Fiora,635,Soraka,791
Maryam,Diamond,Fiddlesticks,800,Lee Sin,675,Jayce,855
Priscila,Challenger,Diana,936,Katarina,1004,Morgana,823
Darby,Challenger,Jarvan IV,709,Anivia,978,Vel'Koz,844